"File","Line","Function","Command","Evidence"
"src\act.wizard.c","4103","perform_set","aedit","if (is_abbrev(val_arg, ""socials"") || is_abbrev(val_arg, ""actions"") || is_abbrev(val_arg, ""aedit""))"
"src\interpreter.c","119","","aedit","{ ""aedit""    , ""aed""     , POS_DEAD    , do_oasis_aedit, LVL_GOD, 0 },"
"src\interpreter.c","163","","cedit","{ ""cedit""    , ""cedit""   , POS_DEAD    , do_oasis_cedit, LVL_IMPL, 0 },"
"src\act.h","373","","do_acctclearpw","ACMD(do_acctclearpw);"
"src\act.wizard.c","5883","acctlist_show_entry","do_acctclearpw","ACMD(do_acctclearpw)"
"src\act.h","372","","do_acctforcepw","ACMD(do_acctforcepw);"
"src\act.wizard.c","5851","acctlist_show_entry","do_acctforcepw","ACMD(do_acctforcepw)"
"src\act.h","370","","do_acctlist","ACMD(do_acctlist);"
"src\act.wizard.c","5792","acctlist_show_entry","do_acctlist","ACMD(do_acctlist)"
"src\act.h","374","","do_acctsetpass","ACMD(do_acctsetpass);"
"src\act.wizard.c","5915","acctlist_show_entry","do_acctsetpass","ACMD(do_acctsetpass)"
"src\act.h","371","","do_acctshow","ACMD(do_acctshow);"
"src\act.wizard.c","5814","acctlist_show_entry","do_acctshow","ACMD(do_acctshow)"
"src\act.h","307","","do_action","ACMD(do_action);"
"src\dg_olc.c","456","script_syntax_highlighting","do_action","ACMD(do_action);"
"src\act.h","351","","do_advance","ACMD(do_advance);"
"src\act.wizard.c","2424","show_room_resets","do_advance","ACMD(do_advance)"
"src\act.h","88","","do_affects","ACMD(do_affects);"
"src\act.informative.c","2867","thirst_is_actively_draining","do_affects","ACMD(do_affects)"
"src\act.wizard.c","2316","show_room_resets","do_affremove","ACMD(do_affremove);"
"src\act.wizard.c","8095","perform_push","do_affremove","ACMD(do_affremove)"
"src\interpreter.c","63","","do_affremove","ACMD(do_affremove);"
"src\interpreter.c","735","free_alias","do_alias","ACMD(do_alias)"
"src\interpreter.h","44","","do_alias","ACMD(do_alias);"
"src\act.h","100","","do_appraise","ACMD(do_appraise);"
"src\shop.c","115","shop_format_price","do_appraise","ACMD(do_appraise);"
"src\shop.c","1816","find_shopkeeper_for_room","do_appraise","ACMD(do_appraise)"
"src\act.h","212","","do_appraise_enemy","ACMD(do_appraise_enemy);"
"src\act.h","86","","do_areas","ACMD(do_areas);"
"src\act.informative.c","5198","get_zone_levels","do_areas","ACMD(do_areas)"
"src\act.wizard.c","7081","mobtemplate_range_is_clear","do_areatemplate","ACMD(do_areatemplate)"
"src\interpreter.c","65","","do_areatemplate","ACMD(do_areatemplate);"
"src\interpreter.h","131","","do_areatemplate","ACMD(do_areatemplate);"
"src\act.h","197","","do_assist","ACMD(do_assist);"
"src\aedit.c","743","aedit_parse","do_astat","ACMD(do_astat)"
"src\oasis.h","481","","do_astat","ACMD(do_astat);"
"src\act.h","352","","do_at","ACMD(do_at);"
"src\act.wizard.c","368","find_target_room","do_at","ACMD(do_at)"
"src\dg_scripts.c","941","add_trigger","do_attach","ACMD(do_attach)"
"src\dg_scripts.h","270","","do_attach","ACMD(do_attach) ;"
"src\act.h","106","","do_attr","ACMD(do_attr);"
"src\act.informative.c","5588","list_scanned_group","do_attr","ACMD(do_attr)"
"src\act.h","154","","do_auction","ACMD(do_auction);"
"src\act.item.c","2337","auction_update","do_auction","ACMD(do_auction)"
"src\act.h","216","","do_azr","ACMD(do_azr);"
"src\act.other.c","2753","detach_charmed_follower","do_azr","ACMD(do_azr)"
"src\act.h","199","","do_backstab","ACMD(do_backstab);"
"src\act.informative.c","2377","show_currency_only","do_balance","ACMD(do_balance)"
"src\interpreter.h","129","","do_balance","ACMD(do_balance);"
"src\act.h","215","","do_bandage","ACMD(do_bandage);"
"src\act.h","198","","do_bash","ACMD(do_bash);"
"src\act.h","155","","do_bid","ACMD(do_bid);"
"src\act.item.c","2297","auction_update","do_bid","ACMD(do_bid)"
"src\act.informative.c","2283","parse_bounty_amount","do_bounty","ACMD(do_bounty)"
"src\interpreter.c","49","","do_bounty","ACMD(do_bounty);"
"src\spells.h","682","","do_buff","ACMD(do_buff);"
"src\act.h","280","","do_buypractice","ACMD(do_buypractice);"
"src\act.other.c","1516","study_apply_cooldown","do_buypractice","ACMD(do_buypractice)"
"src\act.h","281","","do_buytrain","ACMD(do_buytrain);"
"src\act.other.c","1734","study_apply_cooldown","do_buytrain","ACMD(do_buytrain)"
"src\quest.c","1680","quest_stat","do_campaign","ACMD(do_campaign)"
"src\quest.h","115","","do_campaign","ACMD(do_campaign);"
"src\spells.h","680","","do_cast","ACMD(do_cast);"
"src\act.clan.c","900","clan_wrap","do_ccreate","ACMD(do_ccreate)"
"src\interpreter.c","53","","do_ccreate","ACMD(do_ccreate);"
"src\act.clan.c","956","clan_wrap","do_cdemote","ACMD(do_cdemote)  { clan_wrap(ch, ""demote"",  argument, cmd, subcmd); }"
"src\interpreter.c","58","","do_cdemote","ACMD(do_cdemote);"
"src\act.h","356","","do_changelog","ACMD(do_changelog);"
"src\act.wizard.c","5619","trg_checkload","do_changelog","ACMD(do_changelog)"
"src\act.h","353","","do_checkloadstatus","ACMD(do_checkloadstatus);"
"src\act.wizard.c","5296","trg_checkload","do_checkloadstatus","ACMD(do_checkloadstatus)"
"src\act.clan.c","952","clan_wrap","do_cinvite","ACMD(do_cinvite)  { clan_wrap(ch, ""invite"",  argument, cmd, subcmd); }"
"src\interpreter.c","54","","do_cinvite","ACMD(do_cinvite);"
"src\act.clan.c","953","clan_wrap","do_cjoin","ACMD(do_cjoin)    { clan_wrap(ch, ""join"",    argument, cmd, subcmd); }"
"src\interpreter.c","55","","do_cjoin","ACMD(do_cjoin);"
"src\act.clan.c","685","clanedit_parse","do_clan","ACMD(do_clan)"
"src\interpreter.c","52","","do_clan","ACMD(do_clan);"
"src\act.clan.c","628","clanedit_parse","do_clanedit","ACMD(do_clanedit)"
"src\interpreter.c","60","","do_clanedit","ACMD(do_clanedit);"
"src\act.h","364","","do_cleanse_admin","ACMD(do_cleanse_admin);"
"src\act.wizard.c","1665","return_to_char","do_cleanse_admin","ACMD(do_cleanse_admin)"
"src\act.clan.c","557","clanedit_parse","do_clist","ACMD(do_clist)"
"src\interpreter.c","61","","do_clist","ACMD(do_clist);"
"src\act.h","64","","do_commands","ACMD(do_commands);"
"src\act.informative.c","4954","perform_immort_where","do_commands","ACMD(do_commands)"
"src\act.h","90","","do_compare","ACMD(do_compare);"
"src\act.informative.c","3039","thirst_is_actively_draining","do_compare","ACMD(do_compare)"
"src\act.h","89","","do_consider","ACMD(do_consider);"
"src\act.informative.c","4477","perform_immort_where","do_consider","ACMD(do_consider)"
"src\act.h","91","","do_cooldown","ACMD(do_cooldown);"
"src\act.informative.c","5559","list_scanned_group","do_cooldown","ACMD(do_cooldown)"
"src\act.h","354","","do_copyover","ACMD(do_copyover);"
"src\act.wizard.c","5325","trg_checkload","do_copyover","ACMD(do_copyover)"
"src\act.clan.c","955","clan_wrap","do_cpromote","ACMD(do_cpromote) { clan_wrap(ch, ""promote"", argument, cmd, subcmd); }"
"src\interpreter.c","57","","do_cpromote","ACMD(do_cpromote);"
"src\act.clan.c","954","clan_wrap","do_cquit","ACMD(do_cquit)    { clan_wrap(ch, ""quit"",    argument, cmd, subcmd); }"
"src\interpreter.c","56","","do_cquit","ACMD(do_cquit);"
"src\act.h","327","","do_date","ACMD(do_date);"
"src\act.wizard.c","2744","perform_immort_invis","do_date","ACMD(do_date)"
"src\act.h","355","","do_dc","ACMD(do_dc);"
"src\act.wizard.c","2663","perform_immort_invis","do_dc","ACMD(do_dc)"
"src\oasis.h","503","","do_deldir","ACMD(do_deldir);"
"src\oasis_copy.c","298","free_room_exit","do_deldir","ACMD(do_deldir)"
"src\dg_scripts.c","1145","remove_trigger","do_detach","ACMD(do_detach)"
"src\dg_scripts.h","271","","do_detach","ACMD(do_detach);"
"src\act.h","92","","do_diagnose","ACMD(do_diagnose);"
"src\act.informative.c","4534","perform_immort_where","do_diagnose","ACMD(do_diagnose)"
"src\oasis.h","502","","do_dig","ACMD(do_dig);"
"src\oasis_copy.c","166","free_room_exit","do_dig","ACMD(do_dig)"
"src\act.h","177","","do_dismount","ACMD(do_dismount);"
"src\act.movement.c","839","perform_move","do_dismount","ACMD(do_dismount)"
"src\act.h","143","","do_drink","ACMD(do_drink);"
"src\act.item.c","1006","name_to_drinkcon","do_drink","ACMD(do_drink)"
"src\act.h","128","","do_drop","ACMD(do_drop);"
"src\act.item.c","614","perform_drop_currency","do_drop","ACMD(do_drop)"
"src\act.h","133","","do_eat","ACMD(do_eat);"
"src\act.item.c","1133","name_to_drinkcon","do_eat","ACMD(do_eat)"
"src\act.h","331","","do_echo","ACMD(do_echo);"
"src\act.wizard.c","255","purge_room","do_echo","ACMD(do_echo)"
"src\act.h","171","","do_enter","ACMD(do_enter);"
"src\act.movement.c","1159","ok_pick","do_enter","ACMD(do_enter)"
"src\act.h","93","","do_equipment","ACMD(do_equipment);"
"src\act.informative.c","3138","thirst_is_actively_draining","do_equipment","ACMD(do_equipment)"
"src\act.h","94","","do_examine","ACMD(do_examine);"
"src\act.informative.c","1492","look_at_target","do_examine","ACMD(do_examine)"
"src\act.h","95","","do_exits","ACMD(do_exits);"
"src\act.informative.c","633","do_auto_exits","do_exits","ACMD(do_exits)"
"src\genolc.c","309","fix_filename","do_export_zone","ACMD(do_export_zone)"
"src\genolc.h","29","","do_export_zone","ACMD(do_export_zone);"
"src\act.h","357","","do_file","ACMD(do_file);"
"src\act.wizard.c","5459","trg_checkload","do_file","ACMD(do_file)"
"src\act.informative.c","2197","parse_bounty_amount","do_finger","ACMD(do_finger)"
"src\interpreter.c","50","","do_finger","ACMD(do_finger);"
"src\act.h","200","","do_flee","ACMD(do_flee);"
"src\act.h","172","","do_follow","ACMD(do_follow);"
"src\act.movement.c","1479","ok_pick","do_follow","ACMD(do_follow)"
"src\act.h","358","","do_force","ACMD(do_force);"
"src\act.wizard.c","3090","list_llog_entries","do_force","ACMD(do_force)"
"src\act.h","359","","do_gecho","ACMD(do_gecho);"
"src\act.wizard.c","2640","perform_immort_invis","do_gecho","ACMD(do_gecho)"
"src\act.comm.c","365","is_tell_ok","do_gen_comm","ACMD(do_gen_comm)"
"src\act.h","28","","do_gen_comm","ACMD(do_gen_comm);"
"src\act.h","164","","do_gen_door","ACMD(do_gen_door);"
"src\act.movement.c","1097","ok_pick","do_gen_door","ACMD(do_gen_door)"
"src\act.h","68","","do_gen_ps","ACMD(do_gen_ps);"
"src\act.informative.c","4153","search_help","do_gen_ps","ACMD(do_gen_ps)"
"src\act.h","223","","do_gen_tog","ACMD(do_gen_tog);"
"src\act.other.c","2557","detach_charmed_follower","do_gen_tog","ACMD(do_gen_tog)"
"src\act.h","144","","do_get","ACMD(do_get);"
"src\act.item.c","380","get_from_room","do_get","ACMD(do_get)"
"src\act.h","145","","do_give","ACMD(do_give);"
"src\act.item.c","900","perform_give_currency","do_give","ACMD(do_give)"
"src\act.h","308","","do_gmote","ACMD(do_gmote);"
"src\act.h","96","","do_gold","ACMD(do_gold);"
"src\act.informative.c","1521","look_at_target","do_gold","ACMD(do_gold)"
"src\act.h","360","","do_goto","ACMD(do_goto);"
"src\act.wizard.c","400","find_target_room","do_goto","ACMD(do_goto)"
"src\act.h","146","","do_grab","ACMD(do_grab);"
"src\act.item.c","1872","find_eq_pos","do_grab","ACMD(do_grab)"
"src\act.h","271","","do_group","ACMD(do_group);"
"src\act.other.c","1842","display_group_list","do_group","ACMD(do_group)"
"src\act.comm.c","75","legal_communication","do_gsay","ACMD(do_gsay)"
"src\act.h","45","","do_gsay","ACMD(do_gsay);"
"src\act.h","272","","do_happyhour","ACMD(do_happyhour);"
"src\act.other.c","2812","show_happyhour","do_happyhour","ACMD(do_happyhour)"
"src\act.other.c","2066","detach_charmed_follower","do_heel","ACMD(do_heel)"
"src\interpreter.h","130","","do_heel","ACMD(do_heel);"
"src\act.h","97","","do_help","ACMD(do_help);"
"src\act.informative.c","3634","search_help","do_help","ACMD(do_help)"
"src\hedit.c","434","hedit_string_cleanup","do_helpcheck","ACMD(do_helpcheck)"
"src\hedit.h","27","","do_helpcheck","ACMD(do_helpcheck);"
"src\act.h","273","","do_hide","ACMD(do_hide);"
"src\act.other.c","650","show_ability_filter_help","do_hide","ACMD(do_hide)"
"src\hedit.c","465","hedit_string_cleanup","do_hindex","ACMD(do_hindex)"
"src\hedit.h","28","","do_hindex","ACMD(do_hindex);"
"src\act.h","98","","do_history","ACMD(do_history);"
"src\act.informative.c","5010","free_history","do_history","ACMD(do_history)"
"src\act.h","194","","do_hit","ACMD(do_hit);"
"src\ibt.c","454","is_ibt_logger","do_ibt","ACMD(do_ibt)"
"src\ibt.h","95","","do_ibt","ACMD(do_ibt);"
"src\act.h","99","","do_identify","ACMD(do_identify);"
"src\act.informative.c","5797","speedwalk_reverse_route","do_identify","ACMD(do_identify)"
"src\act.h","147","","do_ilock","ACMD(do_ilock);"
"src\act.item.c","1967","GET_EQ","do_ilock","ACMD(do_ilock)"
"src\act.h","101","","do_inventory","ACMD(do_inventory);"
"src\act.informative.c","2388","show_currency_only","do_inventory","* Place this block above ACMD(do_inventory) in act.informative.c"
"src\act.informative.c","3033","thirst_is_actively_draining","do_inventory","ACMD(do_inventory)"
"src\act.h","361","","do_invis","ACMD(do_invis);"
"src\act.wizard.c","2613","perform_immort_invis","do_invis","ACMD(do_invis)"
"src\act.h","148","","do_iunlock","ACMD(do_iunlock);"
"src\act.item.c","1995","GET_EQ","do_iunlock","ACMD(do_iunlock)"
"src\act.h","201","","do_kick","ACMD(do_kick);"
"src\act.h","209","","do_kill","ACMD(do_kill);"
"src\act.h","335","","do_last","ACMD(do_last);"
"src\act.wizard.c","2994","list_llog_entries","do_last","ACMD(do_last)"
"src\act.h","173","","do_leave","ACMD(do_leave);"
"src\act.movement.c","1212","ok_pick","do_leave","ACMD(do_leave)"
"src\act.h","102","","do_levels","ACMD(do_levels);"
"src\act.informative.c","4404","perform_immort_where","do_levels","ACMD(do_levels)"
"src\act.h","362","","do_links","ACMD(do_links);"
"src\act.wizard.c","4601","set_field_rejects_negative","do_links","ACMD(do_links)"
"src\act.h","363","","do_load","ACMD(do_load);"
"src\act.wizard.c","1578","return_to_char","do_load","ACMD(do_load)"
"src\act.h","82","","do_look","ACMD(do_look);"
"src\act.informative.c","1438","look_at_target","do_look","ACMD(do_look)"
"src\asciimap.h","21","","do_map","ACMD(do_map);"
"src\dg_scripts.h","376","","do_masound","ACMD(do_masound);"
"src\dg_scripts.h","377","","do_mat","ACMD(do_mat);"
"src\dg_scripts.h","378","","do_mdamage","ACMD(do_mdamage);"
"src\dg_scripts.h","379","","do_mdoor","ACMD(do_mdoor);"
"src\dg_scripts.h","380","","do_mecho","ACMD(do_mecho);"
"src\dg_scripts.h","381","","do_mechoaround","ACMD(do_mechoaround);"
"src\dg_scripts.h","382","","do_mfollow","ACMD(do_mfollow);"
"src\dg_scripts.h","383","","do_mforce","ACMD(do_mforce);"
"src\dg_scripts.h","384","","do_mforget","ACMD(do_mforget);"
"src\dg_scripts.h","385","","do_mgoto","ACMD(do_mgoto);"
"src\dg_scripts.h","386","","do_mhunt","ACMD(do_mhunt);"
"src\dg_scripts.h","387","","do_mjunk","ACMD(do_mjunk);"
"src\dg_scripts.h","388","","do_mkill","ACMD(do_mkill);"
"src\dg_scripts.h","389","","do_mload","ACMD(do_mload);"
"src\act.h","365","","do_mload_admin","ACMD(do_mload_admin);"
"src\act.wizard.c","2119","show_room_resets","do_mload_admin","ACMD(do_mload_admin)"
"src\dg_scripts.h","397","","do_mlog","ACMD(do_mlog);"
"src\act.h","366","","do_mob","ACMD(do_mob);"
"src\act.wizard.c","2159","show_room_resets","do_mob","ACMD(do_mob)"
"src\act.wizard.c","6761","mobtemplate_range_is_clear","do_mobtemplate","ACMD(do_mobtemplate)"
"src\interpreter.c","67","","do_mobtemplate","ACMD(do_mobtemplate);"
"src\interpreter.h","133","","do_mobtemplate","ACMD(do_mobtemplate);"
"src\act.h","175","","do_mount","ACMD(do_mount);"
"src\act.movement.c","785","perform_move","do_mount","ACMD(do_mount)"
"src\act.h","174","","do_move","ACMD(do_move);"
"src\act.movement.c","779","perform_move","do_move","ACMD(do_move)"
"src\dg_scripts.h","390","","do_mpurge","ACMD(do_mpurge);"
"src\dg_scripts.h","391","","do_mrecho","ACMD(do_mrecho);"
"src\dg_scripts.h","392","","do_mremember","ACMD(do_mremember);"
"src\act.h","367","","do_mreset","ACMD(do_mreset);"
"src\act.wizard.c","2185","show_room_resets","do_mreset","ACMD(do_mreset)"
"src\dg_scripts.h","393","","do_msend","ACMD(do_msend);"
"src\msgedit.c","326","copy_message_strings","do_msgedit","ACMD(do_msgedit)"
"src\oasis.h","497","","do_msgedit","ACMD(do_msgedit);"
"src\dg_scripts.h","394","","do_mteleport","ACMD(do_mteleport);"
"src\dg_scripts.h","395","","do_mtransform","ACMD(do_mtransform);"
"src\dg_scripts.h","396","","do_mzoneecho","ACMD(do_mzoneecho);"
"src\act.h","274","","do_not_here","ACMD(do_not_here);"
"src\act.other.c","620","show_ability_filter_help","do_not_here","ACMD(do_not_here)"
"src\oasis.h","432","","do_oasis","ACMD(do_oasis);"
"src\aedit.c","35","","do_oasis_aedit","ACMD(do_oasis_aedit)"
"src\oasis.h","480","","do_oasis_aedit","ACMD(do_oasis_aedit);"
"src\cedit.c","33","","do_oasis_cedit","ACMD(do_oasis_cedit)"
"src\oasis.h","472","","do_oasis_cedit","ACMD(do_oasis_cedit);"
"src\oasis.h","504","","do_oasis_copy","ACMD(do_oasis_copy);"
"src\oasis_copy.c","38","","do_oasis_copy","ACMD(do_oasis_copy)"
"src\hedit.c","38","","do_oasis_hedit","ACMD(do_oasis_hedit)"
"src\hedit.h","24","","do_oasis_hedit","ACMD(do_oasis_hedit);"
"src\oasis.h","487","","do_oasis_hedit","ACMD(do_oasis_hedit);"
"src\ibt.c","773","is_ibt_logger","do_oasis_ibtedit","ACMD(do_oasis_ibtedit)"
"src\ibt.h","96","","do_oasis_ibtedit","ACMD(do_oasis_ibtedit);"
"src\oasis.h","512","","do_oasis_links","ACMD(do_oasis_links);"
"src\oasis_list.c","502","perform_obj_name_list","do_oasis_links","ACMD(do_oasis_links)"
"src\oasis.h","513","","do_oasis_list","ACMD(do_oasis_list);"
"src\oasis_list.c","362","perform_obj_name_list","do_oasis_list","ACMD(do_oasis_list)"
"src\medit.c","102","","do_oasis_medit","ACMD(do_oasis_medit)"
"src\oasis.h","439","","do_oasis_medit","ACMD(do_oasis_medit);"
"src\oasis.h","447","","do_oasis_oedit","ACMD(do_oasis_oedit);"
"src\oedit.c","62","oedit_type_supports_regen_mult","do_oasis_oedit","ACMD(do_oasis_oedit)"
"src\prefedit.c","830","prefedit_Restore_Defaults","do_oasis_prefedit","ACMD(do_oasis_prefedit)"
"src\prefedit.h","58","","do_oasis_prefedit","ACMD(do_oasis_prefedit);"
"src\oasis.h","494","","do_oasis_qedit","ACMD(do_oasis_qedit);"
"src\qedit.c","53","qedit_save_to_disk","do_oasis_qedit","ACMD(do_oasis_qedit)"
"src\oasis.h","456","","do_oasis_redit","ACMD(do_oasis_redit);"
"src\redit.c","44","","do_oasis_redit","ACMD(do_oasis_redit)"
"src\oasis.h","462","","do_oasis_sedit","ACMD(do_oasis_sedit);"
"src\sedit.c","48","sedit_save_to_disk","do_oasis_sedit","ACMD(do_oasis_sedit)"
"src\dg_olc.c","39","","do_oasis_trigedit","ACMD(do_oasis_trigedit)"
"src\oasis.h","476","","do_oasis_trigedit","ACMD(do_oasis_trigedit);"
"src\oasis.h","466","","do_oasis_zedit","ACMD(do_oasis_zedit);"
"src\zedit.c","39","","do_oasis_zedit","ACMD(do_oasis_zedit)"
"src\act.wizard.c","7557","objtemplate_apply_defaults","do_objtemplate","ACMD(do_objtemplate)"
"src\interpreter.c","68","","do_objtemplate","ACMD(do_objtemplate);"
"src\interpreter.h","134","","do_objtemplate","ACMD(do_objtemplate);"
"src\act.item.c","1840","find_eq_pos","do_offhand","ACMD(do_offhand)"
"src\interpreter.c","48","","do_offhand","ACMD(do_offhand);"
"src\act.h","211","","do_opet","ACMD(do_opet);"
"src\act.other.c","2309","detach_charmed_follower","do_opet","ACMD(do_opet)"
"src\act.h","210","","do_order","ACMD(do_order);"
"src\act.h","375","","do_oset","ACMD(do_oset);"
"src\act.wizard.c","7913","free_recent_players","do_oset","ACMD(do_oset)"
"src\act.comm.c","328","is_tell_ok","do_page","ACMD(do_page)"
"src\act.h","46","","do_page","ACMD(do_page);"
"src\act.h","376","","do_peace","ACMD(do_peace);"
"src\act.wizard.c","5391","trg_checkload","do_peace","ACMD(do_peace)"
"src\act.h","283","","do_pet_release","ACMD(do_pet_release);"
"src\act.other.c","2005","detach_charmed_follower","do_pet_release","ACMD(do_pet_release)"
"src\act.h","377","","do_plist","ACMD(do_plist);"
"src\act.wizard.c","5683","trg_checkload","do_plist","ACMD(do_plist)"
"src\act.h","139","","do_pour","ACMD(do_pour);"
"src\act.item.c","1207","name_to_drinkcon","do_pour","ACMD(do_pour)"
"src\act.h","279","","do_practice","ACMD(do_practice);"
"src\act.other.c","1498","study_apply_cooldown","do_practice","ACMD(do_practice)"
"src\act.wizard.c","7960","free_recent_players","do_pull","ACMD(do_pull)"
"src\interpreter.c","44","","do_pull","ACMD(do_pull);"
"src\act.h","378","","do_purge","ACMD(do_purge);"
"src\act.wizard.c","2372","show_room_resets","do_purge","ACMD(do_purge)"
"src\act.wizard.c","8083","perform_push","do_push","ACMD(do_push)"
"src\interpreter.c","45","","do_push","ACMD(do_push);"
"src\act.h","149","","do_put","ACMD(do_put);"
"src\act.item.c","143","perform_put","do_put","ACMD(do_put)"
"src\act.comm.c","510","is_tell_ok","do_qcomm","ACMD(do_qcomm)"
"src\act.h","36","","do_qcomm","ACMD(do_qcomm);"
"src\quest.c","1629","quest_stat","do_quest","ACMD(do_quest)"
"src\quest.h","114","","do_quest","ACMD(do_quest);"
"src\act.h","261","","do_quit","ACMD(do_quit);"
"src\act.other.c","518","show_ability_filter_help","do_quit","ACMD(do_quit)"
"src\db.c","372","free_text_files","do_reboot","ACMD(do_reboot)"
"src\db.h","320","","do_reboot","ACMD(do_reboot);"
"src\act.h","284","","do_recall","ACMD(do_recall);"
"src\act.other.c","579","show_ability_filter_help","do_recall","ACMD(do_recall)"
"src\act.h","379","","do_recent","ACMD(do_recent);"
"src\act.wizard.c","7842","free_recent_players","do_recent","ACMD(do_recent)"
"src\act.h","150","","do_remove","ACMD(do_remove);"
"src\act.item.c","1923","perform_remove","do_remove","ACMD(do_remove)"
"src\act.comm.c","165","is_tell_ok","do_reply","ACMD(do_reply)"
"src\act.h","47","","do_reply","ACMD(do_reply);"
"src\act.h","285","","do_report","ACMD(do_report);"
"src\act.other.c","2392","detach_charmed_follower","do_report","ACMD(do_report)"
"src\act.h","213","","do_rescue","ACMD(do_rescue);"
"src\act.h","368","","do_reset","ACMD(do_reset);"
"src\act.wizard.c","2287","show_room_resets","do_reset","ACMD(do_reset)"
"src\act.h","107","","do_resists","ACMD(do_resists);"
"src\act.informative.c","5616","list_scanned_group","do_resists","ACMD(do_resists)"
"src\act.h","176","","do_rest","ACMD(do_rest);"
"src\act.movement.c","1331","ok_pick","do_rest","ACMD(do_rest)"
"src\act.h","380","","do_restore","ACMD(do_restore);"
"src\act.wizard.c","2520","show_room_resets","do_restore","ACMD(do_restore)"
"src\act.h","382","","do_return","ACMD(do_return);"
"src\act.wizard.c","1561","return_to_char","do_return","ACMD(do_return)"
"src\act.wizard.c","7218","mobtemplate_range_is_clear","do_roomtemplate","ACMD(do_roomtemplate)"
"src\interpreter.c","66","","do_roomtemplate","ACMD(do_roomtemplate);"
"src\interpreter.h","132","","do_roomtemplate","ACMD(do_roomtemplate);"
"src\act.clan.c","672","clanedit_parse","do_roster","ACMD(do_roster)"
"src\interpreter.c","59","","do_roster","ACMD(do_roster);"
"src\act.h","369","","do_rreset","ACMD(do_rreset);"
"src\act.wizard.c","2203","show_room_resets","do_rreset","ACMD(do_rreset)"
"src\act.h","183","","do_run","ACMD(do_run);"
"src\act.movement.c","329","execute_runto_path","do_run","ACMD(do_run)"
"src\act.h","184","","do_runto","ACMD(do_runto);"
"src\act.movement.c","381","execute_runto_path","do_runto","ACMD(do_runto)"
"src\act.h","151","","do_sac","ACMD(do_sac);"
"src\act.item.c","2023","GET_EQ","do_sac","ACMD(do_sac)"
"src\act.h","104","","do_saffects","ACMD(do_saffects);"
"src\act.informative.c","5476","list_scanned_group","do_saffects","ACMD(do_saffects)"
"src\act.informative.c","5931","speedwalk_reverse_route","do_saudit","ACMD(do_saudit)"
"src\interpreter.c","42","","do_saudit","ACMD(do_saudit);"
"src\act.h","286","","do_save","ACMD(do_save);"
"src\act.other.c","567","show_ability_filter_help","do_save","ACMD(do_save)"
"src\act.h","383","","do_saveall","ACMD(do_saveall);"
"src\act.wizard.c","4590","set_field_rejects_negative","do_saveall","ACMD(do_saveall)"
"src\act.comm.c","40","legal_communication","do_say","ACMD(do_say)"
"src\act.h","44","","do_say","ACMD(do_say);"
"src\act.h","103","","do_scan","ACMD(do_scan);"
"src\act.informative.c","5402","list_scanned_group","do_scan","ACMD(do_scan)"
"src\act.h","105","","do_score","ACMD(do_score);"
"src\act.informative.c","1531","look_at_target","do_score","/* Put these helpers above ACMD(do_score) in the same .c file */"
"src\act.informative.c","1782","parse_bounty_amount","do_score","* MAIN SCORE FUNCTION - Replace your entire ACMD(do_score) with this"
"src\act.informative.c","1791","parse_bounty_amount","do_score","ACMD(do_score)"
"src\act.h","384","","do_send","ACMD(do_send);"
"src\act.wizard.c","278","purge_room","do_send","ACMD(do_send)"
"src\act.h","385","","do_set","ACMD(do_set);"
"src\act.wizard.c","4344","set_field_rejects_negative","do_set","ACMD(do_set)"
"src\act.other.c","2111","detach_charmed_follower","do_shadow","ACMD(do_shadow)"
"src\interpreter.c","64","","do_shadow","ACMD(do_shadow);"
"src\interpreter.c","43","","do_shopdisc","ACMD(do_shopdisc);"
"src\shop.c","114","shop_format_price","do_shopdisc","ACMD(do_shopdisc);"
"src\shop.c","1766","find_shopkeeper_for_room","do_shopdisc","ACMD(do_shopdisc)"
"src\act.h","386","","do_show","ACMD(do_show);"
"src\act.wizard.c","3437","print_zone_to_buf","do_show","ACMD(do_show)"
"src\genolc.c","236","free_save_list","do_show_save_list","ACMD(do_show_save_list)"
"src\genolc.h","30","","do_show_save_list","ACMD(do_show_save_list);"
"src\act.h","338","","do_shutdown","ACMD(do_shutdown);"
"src\act.wizard.c","1374","do_stat_character","do_shutdown","ACMD(do_shutdown)"
"src\act.h","178","","do_sit","ACMD(do_sit);"
"src\act.movement.c","1275","ok_pick","do_sit","ACMD(do_sit)"
"src\act.h","275","","do_skills","ACMD(do_skills);"
"src\act.other.c","796","GET_EQ","do_skills","ACMD(do_skills)"
"src\modify.c","309","exdesc_string_cleanup","do_skillset","ACMD(do_skillset)"
"src\modify.h","29","","do_skillset","ACMD(do_skillset);"
"src\act.h","179","","do_sleep","ACMD(do_sleep);"
"src\act.movement.c","1388","ok_pick","do_sleep","ACMD(do_sleep)"
"src\act.h","287","","do_sneak","ACMD(do_sneak);"
"src\act.other.c","625","show_ability_filter_help","do_sneak","ACMD(do_sneak)"
"src\act.h","387","","do_snoop","ACMD(do_snoop);"
"src\act.wizard.c","1447","stop_snooping","do_snoop","ACMD(do_snoop)"
"src\act.comm.c","198","is_tell_ok","do_spec_comm","ACMD(do_spec_comm)"
"src\act.h","40","","do_spec_comm","ACMD(do_spec_comm);"
"src\act.h","108","","do_speedwalk","ACMD(do_speedwalk);"
"src\act.informative.c","5826","speedwalk_reverse_route","do_speedwalk","ACMD(do_speedwalk)"
"src\act.h","276","","do_spellbook","ACMD(do_spellbook);"
"src\act.other.c","822","GET_EQ","do_spellbook","ACMD(do_spellbook)"
"src\act.h","277","","do_spells","ACMD(do_spells);"
"src\act.other.c","2892","show_happyhour","do_spells","ACMD(do_spells)"
"src\spells.h","681","","do_spellup","ACMD(do_spellup);"
"src\act.h","288","","do_split","ACMD(do_split);"
"src\act.other.c","2415","detach_charmed_follower","do_split","ACMD(do_split)"
"src\act.h","180","","do_stand","ACMD(do_stand);"
"src\act.movement.c","1231","ok_pick","do_stand","ACMD(do_stand)"
"src\act.h","388","","do_stat","ACMD(do_stat);"
"src\act.wizard.c","1251","do_stat_character","do_stat","ACMD(do_stat)"
"src\act.h","289","","do_steal","ACMD(do_steal);"
"src\act.other.c","672","show_ability_filter_help","do_steal","ACMD(do_steal)"
"src\act.h","278","","do_study","ACMD(do_study);"
"src\act.other.c","1331","study_apply_cooldown","do_study","ACMD(do_study)"
"src\act.h","389","","do_switch","ACMD(do_switch);"
"src\act.wizard.c","1491","stop_snooping","do_switch","ACMD(do_switch)"
"src\oasis.h","491","","do_tedit","ACMD(do_tedit);"
"src\tedit.c","63","tedit_string_cleanup","do_tedit","ACMD(do_tedit)"
"src\act.h","390","","do_teleport","ACMD(do_teleport);"
"src\act.wizard.c","479","find_target_room","do_teleport","ACMD(do_teleport)"
"src\act.comm.c","145","is_tell_ok","do_tell","ACMD(do_tell)"
"src\act.h","48","","do_tell","ACMD(do_tell);"
"src\act.h","109","","do_time","ACMD(do_time);"
"src\act.informative.c","3230","thirst_is_actively_draining","do_time","ACMD(do_time)"
"src\act.h","290","","do_title","ACMD(do_title);"
"src\act.other.c","1770","study_apply_cooldown","do_title","ACMD(do_title)"
"src\act.h","110","","do_toggle","ACMD(do_toggle);"
"src\act.informative.c","4554","perform_immort_where","do_toggle","ACMD(do_toggle)"
"src\act.h","282","","do_train","ACMD(do_train);"
"src\act.other.c","1538","study_apply_cooldown","do_train","ACMD(do_train)"
"src\act.h","391","","do_trans","ACMD(do_trans);"
"src\act.wizard.c","426","find_target_room","do_trans","ACMD(do_trans)"
"src\act.wizard.c","2314","show_room_resets","do_tstat","ACMD(do_tstat);"
"src\dg_scripts.c","2756","real_trigger","do_tstat","ACMD(do_tstat)"
"src\dg_scripts.h","273","","do_tstat","ACMD(do_tstat);"
"src\act.h","181","","do_unfollow","ACMD(do_unfollow);"
"src\act.movement.c","1527","ok_pick","do_unfollow","ACMD(do_unfollow)"
"src\act.wizard.c","8089","perform_push","do_unpull","ACMD(do_unpull)"
"src\interpreter.c","46","","do_unpull","ACMD(do_unpull);"
"src\act.h","265","","do_use","ACMD(do_use);"
"src\act.other.c","2481","detach_charmed_follower","do_use","ACMD(do_use)"
"src\act.h","111","","do_users","ACMD(do_users);"
"src\act.informative.c","4012","search_help","do_users","ACMD(do_users)"
"src\dg_scripts.c","2178","process_remote","do_vdelete","ACMD(do_vdelete)"
"src\dg_scripts.h","272","","do_vdelete","ACMD(do_vdelete);"
"src\act.h","291","","do_visible","ACMD(do_visible);"
"src\act.other.c","1756","study_apply_cooldown","do_visible","ACMD(do_visible)"
"src\act.h","392","","do_vnum","ACMD(do_vnum);"
"src\act.wizard.c","510","find_target_room","do_vnum","ACMD(do_vnum)"
"src\act.h","393","","do_vstat","ACMD(do_vstat);"
"src\act.wizard.c","2307","show_room_resets","do_vstat","ACMD(do_vstat)"
"src\act.h","182","","do_wake","ACMD(do_wake);"
"src\act.movement.c","1429","ok_pick","do_wake","ACMD(do_wake)"
"src\act.h","152","","do_wear","ACMD(do_wear);"
"src\act.item.c","1704","find_eq_pos","do_wear","ACMD(do_wear)"
"src\act.h","112","","do_weather","ACMD(do_weather);"
"src\act.informative.c","3268","thirst_is_actively_draining","do_weather","ACMD(do_weather)"
"src\act.h","113","","do_where","ACMD(do_where);"
"src\act.informative.c","4392","perform_immort_where","do_where","ACMD(do_where)"
"src\act.h","214","","do_whirlwind","ACMD(do_whirlwind);"
"src\act.h","114","","do_who","ACMD(do_who);"
"src\act.informative.c","3714","search_help","do_who","ACMD(do_who)"
"src\act.h","115","","do_whois","ACMD(do_whois);"
"src\act.informative.c","5086","add_history","do_whois","ACMD(do_whois)"
"src\act.h","153","","do_wield","ACMD(do_wield);"
"src\act.item.c","1819","find_eq_pos","do_wield","ACMD(do_wield)"
"src\act.h","394","","do_wizhelp","ACMD(do_wizhelp);"
"src\act.wizard.c","227","purge_room","do_wizhelp","ACMD(do_wizhelp)"
"src\act.h","395","","do_wizlock","ACMD(do_wizlock);"
"src\act.wizard.c","2713","perform_immort_invis","do_wizlock","ACMD(do_wizlock)"
"src\act.h","396","","do_wiznet","ACMD(do_wiznet);"
"src\act.wizard.c","3142","list_llog_entries","do_wiznet","ACMD(do_wiznet)"
"src\act.h","397","","do_wizupdate","ACMD(do_wizupdate);"
"src\act.wizard.c","5955","acctlist_show_entry","do_wizupdate","ACMD(do_wizupdate)"
"src\act.h","342","","do_wizutil","ACMD(do_wizutil);"
"src\act.wizard.c","3266","list_llog_entries","do_wizutil","ACMD(do_wizutil)"
"src\act.informative.c","2372","show_currency_only","do_worth","ACMD(do_worth)"
"src\interpreter.h","128","","do_worth","ACMD(do_worth);"
"src\act.comm.c","249","is_tell_ok","do_write","ACMD(do_write)"
"src\act.h","49","","do_write","ACMD(do_write);"
"src\act.h","266","","do_zap","ACMD(do_zap);"
"src\act.other.c","2537","detach_charmed_follower","do_zap","ACMD(do_zap)"
"src\act.h","398","","do_zcheck","ACMD(do_zcheck);"
"src\act.wizard.c","4731","set_field_rejects_negative","do_zcheck","ACMD (do_zcheck)"
"src\act.h","399","","do_zlock","ACMD(do_zlock);"
"src\act.wizard.c","6053","change_player_name","do_zlock","ACMD(do_zlock)"
"src\act.h","87","","do_zonemap","ACMD(do_zonemap);"
"src\act.wizard.c","6872","mobtemplate_range_is_clear","do_zonemap","ACMD(do_zonemap)"
"src\act.h","400","","do_zpurge","ACMD(do_zpurge);"
"src\act.wizard.c","5407","trg_checkload","do_zpurge","ACMD(do_zpurge)"
"src\act.h","401","","do_zreset","ACMD(do_zreset);"
"src\act.wizard.c","3231","list_llog_entries","do_zreset","ACMD(do_zreset)"
"src\act.h","402","","do_zunlock","ACMD(do_zunlock);"
"src\act.wizard.c","7665","objtemplate_apply_defaults","do_zunlock","ACMD(do_zunlock)"
"src\act.wizard.c","4105","perform_set","hedit","else if (is_abbrev(val_arg, ""hedit"") || is_abbrev(val_arg, ""help""))"
"src\interpreter.c","225","","hedit","{ ""hedit""    , ""hedit""   , POS_DEAD    , do_oasis_hedit, LVL_GOD , 0 },"
"src\interpreter.c","271","","medit","{ ""medit""    , ""med""     , POS_DEAD    , do_oasis_medit, LVL_BUILDER, 0 },"
"src\interpreter.c","273","","mlist","{ ""mlist""    , ""mlist""   , POS_DEAD    , do_oasis_list, LVL_BUILDER, SCMD_OASIS_MLIST },"
"src\interpreter.c","278","","msgedit","{ ""msgedit""  , ""msgedit"" , POS_DEAD    , do_msgedit,   LVL_GOD, 0 },"
"src\interpreter.c","300","","oedit","{ ""oedit""    , ""oedit""   , POS_DEAD    , do_oasis_oedit, LVL_BUILDER, 0 },"
"src\interpreter.c","299","","olist","{ ""olist""    , ""olist""   , POS_DEAD    , do_oasis_list, LVL_BUILDER, SCMD_OASIS_OLIST },"
"src\interpreter.c","322","","prefedit","{ ""prefedit"" , ""pre""     , POS_DEAD    , do_oasis_prefedit , 0, 0 },"
"src\interpreter.c","327","","qedit","{ ""qedit""    , ""qedit""   , POS_DEAD    , do_oasis_qedit, LVL_BUILDER, 0 },"
"src\interpreter.c","328","","qlist","{ ""qlist""    , ""qlist""   , POS_DEAD    , do_oasis_list, LVL_BUILDER, SCMD_OASIS_QLIST },"
"src\interpreter.c","355","","redit","{ ""redit""    , ""redit""   , POS_DEAD    , do_oasis_redit, LVL_BUILDER, 0 },"
"src\interpreter.c","357","","rlist","{ ""rlist""    , ""rlist""   , POS_DEAD    , do_oasis_list, LVL_BUILDER, SCMD_OASIS_RLIST },"
"src\interpreter.c","382","","sedit","{ ""sedit""    , ""sedit""   , POS_DEAD    , do_oasis_sedit, LVL_BUILDER, 0 },"
"src\interpreter.c","393","","slist","{ ""slist""    , ""slist""   , POS_SLEEPING, do_oasis_list, LVL_BUILDER, SCMD_OASIS_SLIST },"
"src\interpreter.c","407","","tedit","{ ""tedit""    , ""tedit""   , POS_DEAD    , do_tedit    , LVL_GOD, 0 },  /* Legacy text editor path; still active and functional. */"
"src\interpreter.c","416","","tlist","{ ""tlist""    , ""tlist""   , POS_DEAD    , do_oasis_list, LVL_BUILDER, SCMD_OASIS_TLIST },"
"src\interpreter.c","414","","trigedit","{ ""trigedit"" , ""trigedit"", POS_DEAD    , do_oasis_trigedit, LVL_BUILDER, 0 },"
"src\interpreter.c","467","","zedit","{ ""zedit""    , ""zedit""   , POS_DEAD    , do_oasis_zedit, LVL_BUILDER, 0 },"
