"File","Line","Function","SourceMode","SourceCase","TargetMode","Assignment","Evidence"
"src\act.clan.c","517","clanedit_parse","","'n'","CON_PLAYING","STATE(d)","STATE(d) = CON_PLAYING;"
"src\act.wizard.c","2704","perform_immort_invis","","","CON_DISCONNECT","STATE(d)","STATE(d) = CON_DISCONNECT;"
"src\act.wizard.c","2706","perform_immort_invis","","","CON_CLOSE","STATE(d)","STATE(d) = CON_CLOSE;"
"src\aedit.c","99","","","","AEDIT_CONFIRM_ADD","OLC_MODE(d)","OLC_MODE(d) = AEDIT_CONFIRM_ADD;"
"src\aedit.c","102","","","","AEDIT_CONFIRM_EDIT","OLC_MODE(d)","OLC_MODE(d) = AEDIT_CONFIRM_EDIT;"
"src\aedit.c","104","","","","CON_AEDIT","STATE(d)","STATE(d) = CON_AEDIT;"
"src\aedit.c","321","aedit_disp_menu","","","AEDIT_MAIN_MENU","OLC_MODE(d)","OLC_MODE(d) = AEDIT_MAIN_MENU;"
"src\aedit.c","372","aedit_parse","","'n': case 'N'","AEDIT_CONFIRM_ADD","OLC_MODE(d)","OLC_MODE(d) = AEDIT_CONFIRM_ADD;"
"src\aedit.c","376","aedit_parse","","'n': case 'N'","AEDIT_CONFIRM_EDIT","OLC_MODE(d)","OLC_MODE(d) = AEDIT_CONFIRM_EDIT;"
"src\aedit.c","408","aedit_parse","","'q': case 'Q'","AEDIT_CONFIRM_SAVESTRING","OLC_MODE(d)","OLC_MODE(d) = AEDIT_CONFIRM_SAVESTRING;"
"src\aedit.c","414","aedit_parse","","'n'","AEDIT_ACTION_NAME","OLC_MODE(d)","OLC_MODE(d) = AEDIT_ACTION_NAME;"
"src\aedit.c","418","aedit_parse","","'1'","AEDIT_SORT_AS","OLC_MODE(d)","OLC_MODE(d) = AEDIT_SORT_AS;"
"src\aedit.c","426","aedit_parse","","'2'","AEDIT_MIN_CHAR_POS","OLC_MODE(d)","OLC_MODE(d) = AEDIT_MIN_CHAR_POS;"
"src\aedit.c","434","aedit_parse","","'3'","AEDIT_MIN_VICT_POS","OLC_MODE(d)","OLC_MODE(d) = AEDIT_MIN_VICT_POS;"
"src\aedit.c","438","aedit_parse","","'4'","AEDIT_MIN_CHAR_LEVEL","OLC_MODE(d)","OLC_MODE(d) = AEDIT_MIN_CHAR_LEVEL;"
"src\aedit.c","450","aedit_parse","","'a': case 'A'","AEDIT_NOVICT_CHAR","OLC_MODE(d)","OLC_MODE(d) = AEDIT_NOVICT_CHAR;"
"src\aedit.c","457","aedit_parse","","'b': case 'B'","AEDIT_NOVICT_OTHERS","OLC_MODE(d)","OLC_MODE(d) = AEDIT_NOVICT_OTHERS;"
"src\aedit.c","465","aedit_parse","","'c': case 'C'","AEDIT_VICT_NOT_FOUND","OLC_MODE(d)","OLC_MODE(d) = AEDIT_VICT_NOT_FOUND;"
"src\aedit.c","473","aedit_parse","","'d': case 'D'","AEDIT_SELF_CHAR","OLC_MODE(d)","OLC_MODE(d) = AEDIT_SELF_CHAR;"
"src\aedit.c","481","aedit_parse","","'e': case 'E'","AEDIT_SELF_OTHERS","OLC_MODE(d)","OLC_MODE(d) = AEDIT_SELF_OTHERS;"
"src\aedit.c","489","aedit_parse","","'f': case 'F'","AEDIT_VICT_CHAR_FOUND","OLC_MODE(d)","OLC_MODE(d) = AEDIT_VICT_CHAR_FOUND;"
"src\aedit.c","497","aedit_parse","","'g': case 'G'","AEDIT_VICT_OTHERS_FOUND","OLC_MODE(d)","OLC_MODE(d) = AEDIT_VICT_OTHERS_FOUND;"
"src\aedit.c","505","aedit_parse","","'h': case 'H'","AEDIT_VICT_VICT_FOUND","OLC_MODE(d)","OLC_MODE(d) = AEDIT_VICT_VICT_FOUND;"
"src\aedit.c","513","aedit_parse","","'i': case 'I'","AEDIT_VICT_CHAR_BODY_FOUND","OLC_MODE(d)","OLC_MODE(d) = AEDIT_VICT_CHAR_BODY_FOUND;"
"src\aedit.c","521","aedit_parse","","'j': case 'J'","AEDIT_VICT_OTHERS_BODY_FOUND","OLC_MODE(d)","OLC_MODE(d) = AEDIT_VICT_OTHERS_BODY_FOUND;"
"src\aedit.c","529","aedit_parse","","'k': case 'K'","AEDIT_VICT_VICT_BODY_FOUND","OLC_MODE(d)","OLC_MODE(d) = AEDIT_VICT_VICT_BODY_FOUND;"
"src\aedit.c","537","aedit_parse","","'l': case 'L'","AEDIT_OBJ_CHAR_FOUND","OLC_MODE(d)","OLC_MODE(d) = AEDIT_OBJ_CHAR_FOUND;"
"src\aedit.c","545","aedit_parse","","'m': case 'M'","AEDIT_OBJ_OTHERS_FOUND","OLC_MODE(d)","OLC_MODE(d) = AEDIT_OBJ_OTHERS_FOUND;"
"src\cedit.c","56","","","","CON_CEDIT","STATE(d)","STATE(d) = CON_CEDIT;"
"src\cedit.c","607","cedit_disp_menu","","","CEDIT_MAIN_MENU","OLC_MODE(d)","OLC_MODE(d) = CEDIT_MAIN_MENU;"
"src\cedit.c","680","cedit_disp_game_play_options","","","CEDIT_GAME_OPTIONS_MENU","OLC_MODE(d)","OLC_MODE(d) = CEDIT_GAME_OPTIONS_MENU;"
"src\cedit.c","708","cedit_disp_crash_save_options","","","CEDIT_CRASHSAVE_OPTIONS_MENU","OLC_MODE(d)","OLC_MODE(d) = CEDIT_CRASHSAVE_OPTIONS_MENU;"
"src\cedit.c","734","cedit_disp_room_numbers","","","CEDIT_ROOM_NUMBERS_MENU","OLC_MODE(d)","OLC_MODE(d) = CEDIT_ROOM_NUMBERS_MENU;"
"src\cedit.c","786","cedit_disp_operation_options","","","CEDIT_OPERATION_OPTIONS_MENU","OLC_MODE(d)","OLC_MODE(d) = CEDIT_OPERATION_OPTIONS_MENU;"
"src\cedit.c","804","cedit_disp_autowiz_options","","","CEDIT_AUTOWIZ_OPTIONS_MENU","OLC_MODE(d)","OLC_MODE(d) = CEDIT_AUTOWIZ_OPTIONS_MENU;"
"src\cedit.c","843","cedit_parse","","'G'","CEDIT_GAME_OPTIONS_MENU","OLC_MODE(d)","OLC_MODE(d) = CEDIT_GAME_OPTIONS_MENU;"
"src\cedit.c","849","cedit_parse","","'C'","CEDIT_CRASHSAVE_OPTIONS_MENU","OLC_MODE(d)","OLC_MODE(d) = CEDIT_CRASHSAVE_OPTIONS_MENU;"
"src\cedit.c","855","cedit_parse","","'R'","CEDIT_ROOM_NUMBERS_MENU","OLC_MODE(d)","OLC_MODE(d) = CEDIT_ROOM_NUMBERS_MENU;"
"src\cedit.c","861","cedit_parse","","'O'","CEDIT_OPERATION_OPTIONS_MENU","OLC_MODE(d)","OLC_MODE(d) = CEDIT_OPERATION_OPTIONS_MENU;"
"src\cedit.c","867","cedit_parse","","'A'","CEDIT_AUTOWIZ_OPTIONS_MENU","OLC_MODE(d)","OLC_MODE(d) = CEDIT_AUTOWIZ_OPTIONS_MENU;"
"src\cedit.c","873","cedit_parse","","'Q'","CEDIT_CONFIRM_SAVESTRING","OLC_MODE(d)","OLC_MODE(d) = CEDIT_CONFIRM_SAVESTRING;"
"src\cedit.c","898","cedit_parse","","'C'","CEDIT_LEVEL_CAN_SHOUT","OLC_MODE(d)","OLC_MODE(d) = CEDIT_LEVEL_CAN_SHOUT;"
"src\cedit.c","904","cedit_parse","","'D'","CEDIT_HOLLER_MOVE_COST","OLC_MODE(d)","OLC_MODE(d) = CEDIT_HOLLER_MOVE_COST;"
"src\cedit.c","910","cedit_parse","","'E'","CEDIT_TUNNEL_SIZE","OLC_MODE(d)","OLC_MODE(d) = CEDIT_TUNNEL_SIZE;"
"src\cedit.c","916","cedit_parse","","'F'","CEDIT_MAX_EXP_GAIN","OLC_MODE(d)","OLC_MODE(d) = CEDIT_MAX_EXP_GAIN;"
"src\cedit.c","922","cedit_parse","","'G'","CEDIT_MAX_EXP_LOSS","OLC_MODE(d)","OLC_MODE(d) = CEDIT_MAX_EXP_LOSS;"
"src\cedit.c","928","cedit_parse","","'H'","CEDIT_MAX_NPC_CORPSE_TIME","OLC_MODE(d)","OLC_MODE(d) = CEDIT_MAX_NPC_CORPSE_TIME;"
"src\cedit.c","934","cedit_parse","","'I'","CEDIT_MAX_PC_CORPSE_TIME","OLC_MODE(d)","OLC_MODE(d) = CEDIT_MAX_PC_CORPSE_TIME;"
"src\cedit.c","940","cedit_parse","","'J'","CEDIT_IDLE_VOID","OLC_MODE(d)","OLC_MODE(d) = CEDIT_IDLE_VOID;"
"src\cedit.c","946","cedit_parse","","'K'","CEDIT_IDLE_RENT_TIME","OLC_MODE(d)","OLC_MODE(d) = CEDIT_IDLE_RENT_TIME;"
"src\cedit.c","952","cedit_parse","","'L'","CEDIT_IDLE_MAX_LEVEL","OLC_MODE(d)","OLC_MODE(d) = CEDIT_IDLE_MAX_LEVEL;"
"src\cedit.c","987","cedit_parse","","'1'","CEDIT_OK","OLC_MODE(d)","OLC_MODE(d) = CEDIT_OK;"
"src\cedit.c","992","cedit_parse","","'2'","CEDIT_HUH","OLC_MODE(d)","OLC_MODE(d) = CEDIT_HUH;"
"src\cedit.c","997","cedit_parse","","'3'","CEDIT_NOPERSON","OLC_MODE(d)","OLC_MODE(d) = CEDIT_NOPERSON;"
"src\cedit.c","1002","cedit_parse","","'4'","CEDIT_NOEFFECT","OLC_MODE(d)","OLC_MODE(d) = CEDIT_NOEFFECT;"
"src\cedit.c","1010","cedit_parse","","'5'","CEDIT_MAP_OPTION","OLC_MODE(d)","OLC_MODE(d) = CEDIT_MAP_OPTION;"
"src\cedit.c","1015","cedit_parse","","'6'","CEDIT_MAP_SIZE","OLC_MODE(d)","OLC_MODE(d) = CEDIT_MAP_SIZE;"
"src\cedit.c","1020","cedit_parse","","'7'","CEDIT_MINIMAP_SIZE","OLC_MODE(d)","OLC_MODE(d) = CEDIT_MINIMAP_SIZE;"
"src\cedit.c","1049","cedit_parse","","'B'","CEDIT_MAX_OBJ_SAVE","OLC_MODE(d)","OLC_MODE(d) = CEDIT_MAX_OBJ_SAVE;"
"src\cedit.c","1055","cedit_parse","","'C'","CEDIT_MIN_RENT_COST","OLC_MODE(d)","OLC_MODE(d) = CEDIT_MIN_RENT_COST;"
"src\cedit.c","1066","cedit_parse","","'E'","CEDIT_AUTOSAVE_TIME","OLC_MODE(d)","OLC_MODE(d) = CEDIT_AUTOSAVE_TIME;"
"src\cedit.c","1072","cedit_parse","","'F'","CEDIT_CRASH_FILE_TIMEOUT","OLC_MODE(d)","OLC_MODE(d) = CEDIT_CRASH_FILE_TIMEOUT;"
"src\cedit.c","1078","cedit_parse","","'G'","CEDIT_RENT_FILE_TIMEOUT","OLC_MODE(d)","OLC_MODE(d) = CEDIT_RENT_FILE_TIMEOUT;"
"src\cedit.c","1098","cedit_parse","","'A'","CEDIT_MORTAL_START_ROOM","OLC_MODE(d)","OLC_MODE(d) = CEDIT_MORTAL_START_ROOM;"
"src\cedit.c","1104","cedit_parse","","'B'","CEDIT_IMMORT_START_ROOM","OLC_MODE(d)","OLC_MODE(d) = CEDIT_IMMORT_START_ROOM;"
"src\cedit.c","1110","cedit_parse","","'C'","CEDIT_FROZEN_START_ROOM","OLC_MODE(d)","OLC_MODE(d) = CEDIT_FROZEN_START_ROOM;"
"src\cedit.c","1115","cedit_parse","","'1'","CEDIT_DONATION_ROOM_1","OLC_MODE(d)","OLC_MODE(d) = CEDIT_DONATION_ROOM_1;"
"src\cedit.c","1120","cedit_parse","","'2'","CEDIT_DONATION_ROOM_2","OLC_MODE(d)","OLC_MODE(d) = CEDIT_DONATION_ROOM_2;"
"src\cedit.c","1125","cedit_parse","","'3'","CEDIT_DONATION_ROOM_3","OLC_MODE(d)","OLC_MODE(d) = CEDIT_DONATION_ROOM_3;"
"src\cedit.c","1145","cedit_parse","","'A'","CEDIT_DFLT_PORT","OLC_MODE(d)","OLC_MODE(d) = CEDIT_DFLT_PORT;"
"src\cedit.c","1151","cedit_parse","","'B'","CEDIT_DFLT_IP","OLC_MODE(d)","OLC_MODE(d) = CEDIT_DFLT_IP;"
"src\cedit.c","1157","cedit_parse","","'C'","CEDIT_DFLT_DIR","OLC_MODE(d)","OLC_MODE(d) = CEDIT_DFLT_DIR;"
"src\cedit.c","1163","cedit_parse","","'D'","CEDIT_LOGNAME","OLC_MODE(d)","OLC_MODE(d) = CEDIT_LOGNAME;"
"src\cedit.c","1169","cedit_parse","","'E'","CEDIT_MAX_PLAYING","OLC_MODE(d)","OLC_MODE(d) = CEDIT_MAX_PLAYING;"
"src\cedit.c","1175","cedit_parse","","'F'","CEDIT_MAX_FILESIZE","OLC_MODE(d)","OLC_MODE(d) = CEDIT_MAX_FILESIZE;"
"src\cedit.c","1181","cedit_parse","","'G'","CEDIT_MAX_BAD_PWS","OLC_MODE(d)","OLC_MODE(d) = CEDIT_MAX_BAD_PWS;"
"src\cedit.c","1208","cedit_parse","","'L'","CEDIT_MENU","OLC_MODE(d)","OLC_MODE(d) = CEDIT_MENU;"
"src\cedit.c","1223","cedit_parse","","'M'","CEDIT_WELC_MESSG","OLC_MODE(d)","OLC_MODE(d) = CEDIT_WELC_MESSG;"
"src\cedit.c","1238","cedit_parse","","'N'","CEDIT_START_MESSG","OLC_MODE(d)","OLC_MODE(d) = CEDIT_START_MESSG;"
"src\cedit.c","1274","cedit_parse","","'T'","CEDIT_DEBUG_MODE","OLC_MODE(d)","OLC_MODE(d) = CEDIT_DEBUG_MODE;"
"src\cedit.c","1299","cedit_parse","","'B'","CEDIT_MIN_WIZLIST_LEV","OLC_MODE(d)","OLC_MODE(d) = CEDIT_MIN_WIZLIST_LEV;"
"src\comm.c","448","copyover_recover","","","CON_CLOSE","d->connected","d->connected = CON_CLOSE;"
"src\comm.c","485","copyover_recover","","","CON_PLAYING","d->connected","d->connected = CON_PLAYING;"
"src\comm.c","2052","check_idle_passwords","CON_MSGEDIT","CON_MSGEDIT","CON_CLOSE","STATE(d)","STATE(d) = CON_CLOSE;"
"src\dg_olc.c","107","","","","CON_TRIGEDIT","STATE(d)","STATE(d) = CON_TRIGEDIT;"
"src\dg_olc.c","234","trigedit_disp_menu","","","TRIGEDIT_MAIN_MENU","OLC_MODE(d)","OLC_MODE(d) = TRIGEDIT_MAIN_MENU;"
"src\dg_olc.c","253","trigedit_disp_help","","","TRIGEDIT_HELP","OLC_MODE(d)","OLC_MODE(d) = TRIGEDIT_HELP;"
"src\dg_olc.c","531","trigedit_parse","","'q'","TRIGEDIT_CONFIRM_SAVESTRING","OLC_MODE(d)","OLC_MODE(d) = TRIGEDIT_CONFIRM_SAVESTRING;"
"src\dg_olc.c","536","trigedit_parse","","'1'","TRIGEDIT_NAME","OLC_MODE(d)","OLC_MODE(d) = TRIGEDIT_NAME;"
"src\dg_olc.c","540","trigedit_parse","","'2'","TRIGEDIT_INTENDED","OLC_MODE(d)","OLC_MODE(d) = TRIGEDIT_INTENDED;"
"src\dg_olc.c","544","trigedit_parse","","'3'","TRIGEDIT_TYPES","OLC_MODE(d)","OLC_MODE(d) = TRIGEDIT_TYPES;"
"src\dg_olc.c","548","trigedit_parse","","'4'","TRIGEDIT_NARG","OLC_MODE(d)","OLC_MODE(d) = TRIGEDIT_NARG;"
"src\dg_olc.c","552","trigedit_parse","","'5'","TRIGEDIT_ARGUMENT","OLC_MODE(d)","OLC_MODE(d) = TRIGEDIT_ARGUMENT;"
"src\dg_olc.c","556","trigedit_parse","","'6'","TRIGEDIT_COMMANDS","OLC_MODE(d)","OLC_MODE(d) = TRIGEDIT_COMMANDS;"
"src\dg_olc.c","575","trigedit_parse","","'y'","TRIGEDIT_REFERENCES","OLC_MODE(d)","OLC_MODE(d) = TRIGEDIT_REFERENCES;"
"src\dg_olc.c","580","trigedit_parse","","'W'","TRIGEDIT_COPY","OLC_MODE(d)","OLC_MODE(d) = TRIGEDIT_COPY;"
"src\dg_olc.c","688","trigedit_parse","TRIGEDIT_COMMANDS","TRIGEDIT_COMMANDS","TRIGEDIT_MAIN_MENU","OLC_MODE(d)","OLC_MODE(d) = TRIGEDIT_MAIN_MENU;"
"src\dg_olc.c","1112","dg_script_menu","","","OLC_SCRIPT_EDIT","OLC_MODE(d)","OLC_MODE(d) = OLC_SCRIPT_EDIT;"
"src\handler.c","1044","extract_char_final","","","CON_CLOSE","STATE(d)","STATE(d) = CON_CLOSE;"
"src\hedit.c","99","","","","HEDIT_CONFIRM_ADD","OLC_MODE(d)","OLC_MODE(d) = HEDIT_CONFIRM_ADD;"
"src\hedit.c","102","","","","HEDIT_CONFIRM_EDIT","OLC_MODE(d)","OLC_MODE(d) = HEDIT_CONFIRM_EDIT;"
"src\hedit.c","105","","","","CON_HEDIT","STATE(d)","STATE(d) = CON_HEDIT;"
"src\hedit.c","262","hedit_disp_menu","","","HEDIT_MAIN_MENU","OLC_MODE(d)","OLC_MODE(d) = HEDIT_MAIN_MENU;"
"src\hedit.c","315","hedit_parse","","'n': case 'N'","HEDIT_CONFIRM_ADD","OLC_MODE(d)","OLC_MODE(d) = HEDIT_CONFIRM_ADD;"
"src\hedit.c","319","hedit_parse","","'n': case 'N'","HEDIT_CONFIRM_EDIT","OLC_MODE(d)","OLC_MODE(d) = HEDIT_CONFIRM_EDIT;"
"src\hedit.c","353","hedit_parse","","'Q'","HEDIT_CONFIRM_SAVESTRING","OLC_MODE(d)","OLC_MODE(d) = HEDIT_CONFIRM_SAVESTRING;"
"src\hedit.c","361","hedit_parse","","'1'","HEDIT_KEYWORDS","OLC_MODE(d)","OLC_MODE(d) = HEDIT_KEYWORDS;"
"src\hedit.c","364","hedit_parse","","'2'","HEDIT_ENTRY","OLC_MODE(d)","OLC_MODE(d) = HEDIT_ENTRY;"
"src\hedit.c","377","hedit_parse","","'3'","HEDIT_MIN_LEVEL","OLC_MODE(d)","OLC_MODE(d) = HEDIT_MIN_LEVEL;"
"src\ibt.c","835","is_ibt_logger","","","CON_IBTEDIT","STATE(d)","STATE(d) = CON_IBTEDIT;"
"src\ibt.c","976","ibtedit_disp_main_menu","","","IBTEDIT_MAIN_MENU","OLC_MODE(d)","OLC_MODE(d) = IBTEDIT_MAIN_MENU;"
"src\ibt.c","994","ibtedit_disp_flags","","","IBTEDIT_FLAGS","OLC_MODE(d)","OLC_MODE(d) = IBTEDIT_FLAGS;"
"src\ibt.c","1030","ibtedit_parse","","'Q'","IBTEDIT_CONFIRM_SAVESTRING","OLC_MODE(d)","OLC_MODE(d) = IBTEDIT_CONFIRM_SAVESTRING;"
"src\ibt.c","1036","ibtedit_parse","","'1'","IBTEDIT_NAME","OLC_MODE(d)","OLC_MODE(d) = IBTEDIT_NAME;"
"src\ibt.c","1041","ibtedit_parse","","'2'","IBTEDIT_ROOM","OLC_MODE(d)","OLC_MODE(d) = IBTEDIT_ROOM;"
"src\ibt.c","1046","ibtedit_parse","","'3'","IBTEDIT_TEXT","OLC_MODE(d)","OLC_MODE(d) = IBTEDIT_TEXT;"
"src\ibt.c","1055","ibtedit_parse","","'5'","IBTEDIT_BODY","OLC_MODE(d)","OLC_MODE(d) = IBTEDIT_BODY;"
"src\ibt.c","1068","ibtedit_parse","","'6'","IBTEDIT_NOTES","OLC_MODE(d)","OLC_MODE(d) = IBTEDIT_NOTES;"
"src\interpreter.c","1269","perform_dupe_check","","","CON_PLAYING","STATE(d)","STATE(d) = CON_PLAYING;"
"src\interpreter.c","1342","perform_new_char_dupe_check","UNSWITCH","UNSWITCH","CON_GET_NAME","STATE(d)","STATE(d) = CON_GET_NAME;"
"src\interpreter.c","1445","enter_player_game","","","CON_ACCT_NAME","STATE(d)","STATE(d) = CON_ACCT_NAME;"
"src\interpreter.c","1593","complete_character_login","","","CON_CLOSE","STATE(d)","STATE(d) = CON_CLOSE;"
"src\interpreter.c","1600","complete_character_login","","","CON_CLOSE","STATE(d)","STATE(d) = CON_CLOSE;"
"src\interpreter.c","1633","complete_character_login","","","CON_RMOTD","STATE(d)","STATE(d) = CON_RMOTD;"
"src\interpreter.c","1696","nanny","CON_ACCT_NAME","CON_ACCT_NAME","CON_ACCT_CREATE_NAME","STATE(d)","STATE(d) = CON_ACCT_CREATE_NAME;"
"src\interpreter.c","1702","nanny","CON_ACCT_NAME","CON_ACCT_NAME","CON_ACCT_PASS","STATE(d)","STATE(d) = CON_ACCT_PASS;"
"src\interpreter.c","1719","nanny","CON_ACCT_NAME","CON_ACCT_NAME","CON_ACCT_NAME","STATE(d)","STATE(d) = CON_ACCT_NAME;"
"src\interpreter.c","1731","nanny","CON_ACCT_NAME","CON_ACCT_NAME","CON_ACCT_NAME","STATE(d)","STATE(d) = CON_ACCT_NAME;"
"src\interpreter.c","1746","nanny","CON_ACCT_NAME","CON_ACCT_NAME","CON_ACCT_FORCEPASS1","STATE(d)","STATE(d) = CON_ACCT_FORCEPASS1;"
"src\interpreter.c","1751","nanny","CON_ACCT_NAME","CON_ACCT_NAME","CON_ACCT_MENU","STATE(d)","STATE(d) = CON_ACCT_MENU;"
"src\interpreter.c","1759","nanny","CON_ACCT_CREATE_NAME","CON_ACCT_CREATE_NAME","CON_ACCT_NAME","STATE(d)","if (!*arg) { STATE(d) = CON_ACCT_NAME; return; }"
"src\interpreter.c","1763","nanny","CON_ACCT_CREATE_NAME","CON_ACCT_CREATE_NAME","CON_ACCT_CREATE_PASS1","STATE(d)","STATE(d) = CON_ACCT_CREATE_PASS1;"
"src\interpreter.c","1770","nanny","CON_ACCT_CREATE_PASS1","CON_ACCT_CREATE_PASS1","CON_ACCT_CREATE_PASS2","STATE(d)","STATE(d) = CON_ACCT_CREATE_PASS2;"
"src\interpreter.c","1780","nanny","CON_ACCT_CREATE_PASS1","CON_ACCT_CREATE_PASS1","CON_ACCT_NAME","STATE(d)","STATE(d) = CON_ACCT_NAME;"
"src\interpreter.c","1787","nanny","CON_ACCT_CREATE_PASS1","CON_ACCT_CREATE_PASS1","CON_ACCT_NAME","STATE(d)","STATE(d) = CON_ACCT_NAME;"
"src\interpreter.c","1793","nanny","CON_ACCT_CREATE_PASS1","CON_ACCT_CREATE_PASS1","CON_GET_NAME","STATE(d)","STATE(d) = CON_GET_NAME;"
"src\interpreter.c","1811","nanny","CON_ACCT_FORCEPASS1","CON_ACCT_FORCEPASS1","CON_ACCT_FORCEPASS2","STATE(d)","STATE(d) = CON_ACCT_FORCEPASS2;"
"src\interpreter.c","1820","nanny","CON_ACCT_FORCEPASS1","CON_ACCT_FORCEPASS1","CON_ACCT_FORCEPASS1","STATE(d)","STATE(d) = CON_ACCT_FORCEPASS1;"
"src\interpreter.c","1829","nanny","CON_ACCT_FORCEPASS1","CON_ACCT_FORCEPASS1","CON_ACCT_NAME","STATE(d)","STATE(d) = CON_ACCT_NAME;"
"src\interpreter.c","1836","nanny","CON_ACCT_FORCEPASS1","CON_ACCT_FORCEPASS1","CON_ACCT_MENU","STATE(d)","STATE(d) = CON_ACCT_MENU;"
"src\interpreter.c","1844","nanny","CON_ACCT_FORCEPASS1","CON_ACCT_FORCEPASS1","CON_ACCT_NAME","STATE(d)","STATE(d) = CON_ACCT_NAME;"
"src\interpreter.c","1858","nanny","CON_ACCT_CHANGEPASS1","CON_ACCT_CHANGEPASS1","CON_ACCT_CHANGEPASS2","STATE(d)","STATE(d) = CON_ACCT_CHANGEPASS2;"
"src\interpreter.c","1867","nanny","CON_ACCT_CHANGEPASS1","CON_ACCT_CHANGEPASS1","CON_ACCT_CHANGEPASS1","STATE(d)","STATE(d) = CON_ACCT_CHANGEPASS1;"
"src\interpreter.c","1876","nanny","CON_ACCT_CHANGEPASS1","CON_ACCT_CHANGEPASS1","CON_ACCT_NAME","STATE(d)","STATE(d) = CON_ACCT_NAME;"
"src\interpreter.c","1882","nanny","CON_ACCT_CHANGEPASS1","CON_ACCT_CHANGEPASS1","CON_ACCT_MENU","STATE(d)","STATE(d) = CON_ACCT_MENU;"
"src\interpreter.c","1890","nanny","CON_ACCT_CHANGEPASS1","CON_ACCT_CHANGEPASS1","CON_ACCT_NAME","STATE(d)","STATE(d) = CON_ACCT_NAME;"
"src\interpreter.c","1918","nanny","CON_ACCT_CHANGEPASS1","CON_ACCT_CHANGEPASS1","CON_CLOSE","STATE(d)","STATE(d) = CON_CLOSE;"
"src\interpreter.c","1925","nanny","CON_ACCT_CHANGEPASS1","CON_ACCT_CHANGEPASS1","CON_GET_NAME","STATE(d)","STATE(d) = CON_GET_NAME;"
"src\interpreter.c","1934","nanny","CON_ACCT_CHANGEPASS1","CON_ACCT_CHANGEPASS1","CON_ACCT_CHANGEPASS1","STATE(d)","STATE(d) = CON_ACCT_CHANGEPASS1;"
"src\interpreter.c","1959","nanny","CON_ACCT_CHANGEPASS1","CON_ACCT_CHANGEPASS1","CON_ACCT_DELETE_CONFIRM","STATE(d)","STATE(d) = CON_ACCT_DELETE_CONFIRM;"
"src\interpreter.c","1980","nanny","","","CON_GET_NAME","STATE(d)","STATE(d) = CON_GET_NAME;"
"src\interpreter.c","1990","nanny","","","CON_GET_NAME","STATE(d)","STATE(d) = CON_GET_NAME;"
"src\interpreter.c","2008","nanny","","","CON_ACCT_MENU","STATE(d)","STATE(d) = CON_ACCT_MENU;"
"src\interpreter.c","2016","nanny","","","CON_ACCT_MENU","STATE(d)","STATE(d) = CON_ACCT_MENU;"
"src\interpreter.c","2030","nanny","","","CON_ACCT_MENU","STATE(d)","STATE(d) = CON_ACCT_MENU;"
"src\interpreter.c","2038","nanny","","","CON_ACCT_MENU","STATE(d)","STATE(d) = CON_ACCT_MENU;"
"src\interpreter.c","2046","nanny","","","CON_ACCT_MENU","STATE(d)","STATE(d) = CON_ACCT_MENU;"
"src\interpreter.c","2054","nanny","","","CON_ACCT_MENU","STATE(d)","STATE(d) = CON_ACCT_MENU;"
"src\interpreter.c","2074","nanny","","","CON_ACCT_MENU","STATE(d)","STATE(d) = CON_ACCT_MENU;"
"src\interpreter.c","2082","nanny","CON_GET_NAME","CON_GET_NAME","CON_ACCT_NAME","STATE(d)","STATE(d) = CON_ACCT_NAME;"
"src\interpreter.c","2097","nanny","CON_GET_NAME","CON_GET_NAME","CON_CLOSE","STATE(d)","STATE(d) = CON_CLOSE;"
"src\interpreter.c","2133","nanny","CON_GET_NAME","CON_GET_NAME","CON_ACCT_MENU","STATE(d)","STATE(d) = CON_ACCT_MENU;"
"src\interpreter.c","2179","nanny","CON_GET_NAME","CON_GET_NAME","CON_NAME_CNFRM","STATE(d)","STATE(d) = CON_NAME_CNFRM;"
"src\interpreter.c","2194","nanny","CON_GET_NAME","CON_GET_NAME","CON_PASSWORD","STATE(d)","STATE(d) = CON_PASSWORD;"
"src\interpreter.c","2205","nanny","","","CON_ACCT_MENU","STATE(d)","STATE(d) = CON_ACCT_MENU;"
"src\interpreter.c","2220","nanny","","","CON_NAME_CNFRM","STATE(d)","STATE(d) = CON_NAME_CNFRM;"
"src\interpreter.c","2230","nanny","CON_NAME_CNFRM","CON_NAME_CNFRM","CON_CLOSE","STATE(d)","STATE(d) = CON_CLOSE;"
"src\interpreter.c","2236","nanny","CON_NAME_CNFRM","CON_NAME_CNFRM","CON_CLOSE","STATE(d)","STATE(d) = CON_CLOSE;"
"src\interpreter.c","2244","nanny","CON_NAME_CNFRM","CON_NAME_CNFRM","CON_QSEX","STATE(d)","STATE(d) = CON_QSEX;"
"src\interpreter.c","2248","nanny","CON_NAME_CNFRM","CON_NAME_CNFRM","CON_NEWPASSWD","STATE(d)","STATE(d) = CON_NEWPASSWD;"
"src\interpreter.c","2254","nanny","CON_NAME_CNFRM","CON_NAME_CNFRM","CON_GET_NAME","STATE(d)","STATE(d) = CON_GET_NAME;"
"src\interpreter.c","2274","nanny","CON_PASSWORD","CON_PASSWORD","CON_CLOSE","STATE(d)","STATE(d) = CON_CLOSE;"
"src\interpreter.c","2282","nanny","CON_PASSWORD","CON_PASSWORD","CON_CLOSE","STATE(d)","STATE(d) = CON_CLOSE;"
"src\interpreter.c","2307","nanny","CON_CHPWD_GETNEW","CON_CHPWD_GETNEW","CON_CNFPASSWD","STATE(d)","STATE(d) = CON_CNFPASSWD;"
"src\interpreter.c","2309","nanny","CON_CHPWD_GETNEW","CON_CHPWD_GETNEW","CON_CHPWD_VRFY","STATE(d)","STATE(d) = CON_CHPWD_VRFY;"
"src\interpreter.c","2318","nanny","CON_CHPWD_VRFY","CON_CHPWD_VRFY","CON_NEWPASSWD","STATE(d)","STATE(d) = CON_NEWPASSWD;"
"src\interpreter.c","2320","nanny","CON_CHPWD_VRFY","CON_CHPWD_VRFY","CON_CHPWD_GETNEW","STATE(d)","STATE(d) = CON_CHPWD_GETNEW;"
"src\interpreter.c","2327","nanny","CON_CHPWD_VRFY","CON_CHPWD_VRFY","CON_QSEX","STATE(d)","STATE(d) = CON_QSEX;"
"src\interpreter.c","2331","nanny","CON_CHPWD_VRFY","CON_CHPWD_VRFY","CON_MENU","STATE(d)","STATE(d) = CON_MENU;"
"src\interpreter.c","2347","nanny","","'f'","CON_QRACE","STATE(d)","STATE(d) = CON_QRACE;"
"src\interpreter.c","2391","nanny","CON_CLANEDIT","CON_CLANEDIT","CON_QSTATS","STATE(d)","STATE(d) = CON_QSTATS;"
"src\interpreter.c","2411","nanny","CON_QCLASS","CON_QCLASS","CON_QRACE","STATE(d)","STATE(d) = CON_QRACE;"
"src\interpreter.c","2446","nanny","","7","CON_CLOSE","STATE(d)","STATE(d) = CON_CLOSE;"
"src\interpreter.c","2453","nanny","","7","CON_CLOSE","STATE(d)","STATE(d) = CON_CLOSE;"
"src\interpreter.c","2457","nanny","","7","CON_RMOTD","STATE(d)","STATE(d) = CON_RMOTD;"
"src\interpreter.c","2491","nanny","CON_RMOTD","CON_RMOTD","CON_MENU","STATE(d)","STATE(d) = CON_MENU;"
"src\interpreter.c","2500","nanny","","'0'","CON_CLOSE","STATE(d)","STATE(d) = CON_CLOSE;"
"src\interpreter.c","2518","nanny","","'1'","CON_PLAYING","STATE(d)","STATE(d) = CON_PLAYING;"
"src\interpreter.c","2538","nanny","","'2'","CON_ACCT_MENU","STATE(d)","STATE(d) = CON_ACCT_MENU;"
"src\interpreter.c","2553","nanny","","'3'","CON_PLR_DESC","STATE(d)","STATE(d) = CON_PLR_DESC;"
"src\interpreter.c","2558","nanny","","'4'","CON_RMOTD","STATE(d)","STATE(d) = CON_RMOTD;"
"src\interpreter.c","2564","nanny","","'5'","CON_CHPWD_GETOLD","STATE(d)","STATE(d) = CON_CHPWD_GETOLD;"
"src\interpreter.c","2570","nanny","","'6'","CON_DELCNF1","STATE(d)","STATE(d) = CON_DELCNF1;"
"src\interpreter.c","2584","nanny","CON_CHPWD_GETOLD","CON_CHPWD_GETOLD","CON_MENU","STATE(d)","STATE(d) = CON_MENU;"
"src\interpreter.c","2587","nanny","CON_CHPWD_GETOLD","CON_CHPWD_GETOLD","CON_CHPWD_GETNEW","STATE(d)","STATE(d) = CON_CHPWD_GETNEW;"
"src\interpreter.c","2595","nanny","CON_DELCNF1","CON_DELCNF1","CON_MENU","STATE(d)","STATE(d) = CON_MENU;"
"src\interpreter.c","2600","nanny","CON_DELCNF1","CON_DELCNF1","CON_DELCNF2","STATE(d)","STATE(d) = CON_DELCNF2;"
"src\interpreter.c","2609","nanny","CON_DELCNF2","CON_DELCNF2","CON_CLOSE","STATE(d)","STATE(d) = CON_CLOSE;"
"src\interpreter.c","2642","nanny","CON_DELCNF2","CON_DELCNF2","CON_CLOSE","STATE(d)","STATE(d) = CON_CLOSE;"
"src\interpreter.c","2646","nanny","CON_DELCNF2","CON_DELCNF2","CON_MENU","STATE(d)","STATE(d) = CON_MENU;"
"src\interpreter.c","2658","nanny","CON_CLOSE","CON_CLOSE","CON_DISCONNECT","STATE(d)","STATE(d) = CON_DISCONNECT;	/* Safest to do. */"
"src\medit.c","226","","","","CON_MEDIT","STATE(d)","STATE(d) = CON_MEDIT;"
"src\medit.c","720","medit_disp_loadout_menu","WEAR_HOLD","WEAR_HOLD","MEDIT_LOADOUT_MENU","OLC_MODE(d)","OLC_MODE(d) = MEDIT_LOADOUT_MENU;"
"src\medit.c","786","medit_disp_menu","","","MEDIT_MAIN_MENU","OLC_MODE(d)","OLC_MODE(d) = MEDIT_MAIN_MENU;"
"src\medit.c","894","medit_disp_stats_menu","","","MEDIT_STATS_MENU","OLC_MODE(d)","OLC_MODE(d) = MEDIT_STATS_MENU;"
"src\medit.c","975","medit_parse","","'Q'","MEDIT_CONFIRM_SAVESTRING","OLC_MODE(d)","OLC_MODE(d) = MEDIT_CONFIRM_SAVESTRING;"
"src\medit.c","980","medit_parse","","'1'","MEDIT_SEX","OLC_MODE(d)","OLC_MODE(d) = MEDIT_SEX;"
"src\medit.c","984","medit_parse","","'2'","MEDIT_KEYWORD","OLC_MODE(d)","OLC_MODE(d) = MEDIT_KEYWORD;"
"src\medit.c","988","medit_parse","","'3'","MEDIT_S_DESC","OLC_MODE(d)","OLC_MODE(d) = MEDIT_S_DESC;"
"src\medit.c","992","medit_parse","","'4'","MEDIT_L_DESC","OLC_MODE(d)","OLC_MODE(d) = MEDIT_L_DESC;"
"src\medit.c","996","medit_parse","","'5'","MEDIT_D_DESC","OLC_MODE(d)","OLC_MODE(d) = MEDIT_D_DESC;"
"src\medit.c","1007","medit_parse","","'6'","MEDIT_POS","OLC_MODE(d)","OLC_MODE(d) = MEDIT_POS;"
"src\medit.c","1011","medit_parse","","'7'","MEDIT_DEFAULT_POS","OLC_MODE(d)","OLC_MODE(d) = MEDIT_DEFAULT_POS;"
"src\medit.c","1015","medit_parse","","'8'","MEDIT_ATTACK","OLC_MODE(d)","OLC_MODE(d) = MEDIT_ATTACK;"
"src\medit.c","1019","medit_parse","","'9'","MEDIT_STATS_MENU","OLC_MODE(d)","OLC_MODE(d) = MEDIT_STATS_MENU;"
"src\medit.c","1024","medit_parse","","'A'","MEDIT_NPC_FLAGS","OLC_MODE(d)","OLC_MODE(d) = MEDIT_NPC_FLAGS;"
"src\medit.c","1029","medit_parse","","'B'","MEDIT_AFF_FLAGS","OLC_MODE(d)","OLC_MODE(d) = MEDIT_AFF_FLAGS;"
"src\medit.c","1034","medit_parse","","'P'","MEDIT_PET_PRICE","OLC_MODE(d)","OLC_MODE(d) = MEDIT_PET_PRICE;"
"src\medit.c","1044","medit_parse","","'Y'","MEDIT_REFERENCES","OLC_MODE(d)","OLC_MODE(d) = MEDIT_REFERENCES;"
"src\medit.c","1049","medit_parse","","'W'","MEDIT_COPY","OLC_MODE(d)","OLC_MODE(d) = MEDIT_COPY;"
"src\medit.c","1054","medit_parse","","'X'","MEDIT_DELETE","OLC_MODE(d)","OLC_MODE(d) = MEDIT_DELETE;"
"src\medit.c","1087","medit_parse","","'1'","MEDIT_LEVEL","OLC_MODE(d)","OLC_MODE(d) = MEDIT_LEVEL;"
"src\medit.c","1096","medit_parse","","'3'","MEDIT_NUM_HP_DICE","OLC_MODE(d)","OLC_MODE(d) = MEDIT_NUM_HP_DICE;"
"src\medit.c","1100","medit_parse","","'4'","MEDIT_SIZE_HP_DICE","OLC_MODE(d)","OLC_MODE(d) = MEDIT_SIZE_HP_DICE;"
"src\medit.c","1104","medit_parse","","'5'","MEDIT_ADD_HP","OLC_MODE(d)","OLC_MODE(d) = MEDIT_ADD_HP;"
"src\medit.c","1108","medit_parse","","'6'","MEDIT_NDD","OLC_MODE(d)","OLC_MODE(d) = MEDIT_NDD;"
"src\medit.c","1112","medit_parse","","'7'","MEDIT_SDD","OLC_MODE(d)","OLC_MODE(d) = MEDIT_SDD;"
"src\medit.c","1116","medit_parse","","'8'","MEDIT_DAMROLL","OLC_MODE(d)","OLC_MODE(d) = MEDIT_DAMROLL;"
"src\medit.c","1121","medit_parse","","'A'","MEDIT_AC","OLC_MODE(d)","OLC_MODE(d) = MEDIT_AC;"
"src\medit.c","1126","medit_parse","","'B'","MEDIT_HITROLL","OLC_MODE(d)","OLC_MODE(d) = MEDIT_HITROLL;"
"src\medit.c","1131","medit_parse","","'D'","MEDIT_ALIGNMENT","OLC_MODE(d)","OLC_MODE(d) = MEDIT_ALIGNMENT;"
"src\medit.c","1136","medit_parse","","'C'","MEDIT_EVASION","OLC_MODE(d)","OLC_MODE(d) = MEDIT_EVASION;"
"src\medit.c","1141","medit_parse","","'E'","MEDIT_WIMPY_THRESH","OLC_MODE(d)","OLC_MODE(d) = MEDIT_WIMPY_THRESH;"
"src\medit.c","1146","medit_parse","","'F'","MEDIT_EXP","OLC_MODE(d)","OLC_MODE(d) = MEDIT_EXP;"
"src\medit.c","1151","medit_parse","","'G'","MEDIT_GOLD","OLC_MODE(d)","OLC_MODE(d) = MEDIT_GOLD;"
"src\medit.c","1156","medit_parse","","'H'","MEDIT_STR","OLC_MODE(d)","OLC_MODE(d) = MEDIT_STR;"
"src\medit.c","1161","medit_parse","","'I'","MEDIT_INT","OLC_MODE(d)","OLC_MODE(d) = MEDIT_INT;"
"src\medit.c","1166","medit_parse","","'J'","MEDIT_WIS","OLC_MODE(d)","OLC_MODE(d) = MEDIT_WIS;"
"src\medit.c","1171","medit_parse","","'K'","MEDIT_DEX","OLC_MODE(d)","OLC_MODE(d) = MEDIT_DEX;"
"src\medit.c","1176","medit_parse","","'L'","MEDIT_CON","OLC_MODE(d)","OLC_MODE(d) = MEDIT_CON;"
"src\medit.c","1181","medit_parse","","'M'","MEDIT_CHA","OLC_MODE(d)","OLC_MODE(d) = MEDIT_CHA;"
"src\medit.c","1186","medit_parse","","'N'","MEDIT_PARA","OLC_MODE(d)","OLC_MODE(d) = MEDIT_PARA;"
"src\medit.c","1191","medit_parse","","'O'","MEDIT_ROD","OLC_MODE(d)","OLC_MODE(d) = MEDIT_ROD;"
"src\medit.c","1196","medit_parse","","'P'","MEDIT_PETRI","OLC_MODE(d)","OLC_MODE(d) = MEDIT_PETRI;"
"src\medit.c","1201","medit_parse","","'R'","MEDIT_BREATH","OLC_MODE(d)","OLC_MODE(d) = MEDIT_BREATH;"
"src\medit.c","1206","medit_parse","","'S'","MEDIT_SPELL","OLC_MODE(d)","OLC_MODE(d) = MEDIT_SPELL;"
"src\medit.c","1302","medit_parse","","'A'","MEDIT_LOADOUT_EQUIP_VNUM","OLC_MODE(d)","OLC_MODE(d) = MEDIT_LOADOUT_EQUIP_VNUM;"
"src\medit.c","1307","medit_parse","","'B'","MEDIT_LOADOUT_INV_VNUM","OLC_MODE(d)","OLC_MODE(d) = MEDIT_LOADOUT_INV_VNUM;"
"src\medit.c","1312","medit_parse","","'C'","MEDIT_LOADOUT_LOOT_VNUM","OLC_MODE(d)","OLC_MODE(d) = MEDIT_LOADOUT_LOOT_VNUM;"
"src\medit.c","1319","medit_parse","","'D'","MEDIT_LOADOUT_REMOVE_EQUIP","OLC_MODE(d)","OLC_MODE(d) = MEDIT_LOADOUT_REMOVE_EQUIP;"
"src\medit.c","1332","medit_parse","","'E'","MEDIT_LOADOUT_REMOVE_INV","OLC_MODE(d)","OLC_MODE(d) = MEDIT_LOADOUT_REMOVE_INV;"
"src\medit.c","1345","medit_parse","","'F'","MEDIT_LOADOUT_REMOVE_LOOT","OLC_MODE(d)","OLC_MODE(d) = MEDIT_LOADOUT_REMOVE_LOOT;"
"src\medit.c","1377","medit_parse","MEDIT_LOADOUT_EQUIP_VNUM","MEDIT_LOADOUT_EQUIP_VNUM","MEDIT_LOADOUT_EQUIP_SLOT","OLC_MODE(d)","OLC_MODE(d) = MEDIT_LOADOUT_EQUIP_SLOT;"
"src\medit.c","1430","medit_parse","MEDIT_LOADOUT_EQUIP_SLOT","MEDIT_LOADOUT_EQUIP_SLOT","MEDIT_LOADOUT_EQUIP_REPLACE","OLC_MODE(d)","OLC_MODE(d) = MEDIT_LOADOUT_EQUIP_REPLACE;"
"src\medit.c","1516","medit_parse","MEDIT_LOADOUT_INV_VNUM","MEDIT_LOADOUT_INV_VNUM","MEDIT_LOADOUT_INV_COUNT","OLC_MODE(d)","OLC_MODE(d) = MEDIT_LOADOUT_INV_COUNT;"
"src\medit.c","1575","medit_parse","MEDIT_LOADOUT_LOOT_VNUM","MEDIT_LOADOUT_LOOT_VNUM","MEDIT_LOADOUT_LOOT_CHANCE","OLC_MODE(d)","OLC_MODE(d) = MEDIT_LOADOUT_LOOT_CHANCE;"
"src\medit.c","1838","medit_parse","MEDIT_STR","MEDIT_STR","MEDIT_STR_ADD","OLC_MODE(d)","OLC_MODE(d) = MEDIT_STR_ADD;"
"src\medit.c","1935","medit_parse","MEDIT_LEVEL","MEDIT_LEVEL","MEDIT_LEVEL_AUTOFILL_CONFIRM","OLC_MODE(d)","OLC_MODE(d) = MEDIT_LEVEL_AUTOFILL_CONFIRM;"
"src\medit.c","1984","medit_parse","MEDIT_DELETE","MEDIT_DELETE","MEDIT_MAIN_MENU","OLC_MODE(d)","OLC_MODE(d) = MEDIT_MAIN_MENU;"
"src\modify.c","305","exdesc_string_cleanup","STRINGADD_ACTION","STRINGADD_ACTION","CON_MENU","STATE(d)","STATE(d) = CON_MENU;"
"src\msgedit.c","371","copy_message_strings","","","CON_MSGEDIT","STATE(d)","STATE(d) = CON_MSGEDIT;"
"src\msgedit.c","430","msgedit_main_menu","","","MSGEDIT_MAIN_MENU","OLC_MODE(d)","OLC_MODE(d) = MSGEDIT_MAIN_MENU;"
"src\msgedit.c","447","msgedit_parse","","'1'","MSGEDIT_TYPE","OLC_MODE(d)","OLC_MODE(d) = MSGEDIT_TYPE;"
"src\msgedit.c","453","msgedit_parse","","'a'","MSGEDIT_DEATH_CHAR","OLC_MODE(d)","OLC_MODE(d) = MSGEDIT_DEATH_CHAR;"
"src\msgedit.c","459","msgedit_parse","","'b'","MSGEDIT_DEATH_VICT","OLC_MODE(d)","OLC_MODE(d) = MSGEDIT_DEATH_VICT;"
"src\msgedit.c","465","msgedit_parse","","'c'","MSGEDIT_DEATH_ROOM","OLC_MODE(d)","OLC_MODE(d) = MSGEDIT_DEATH_ROOM;"
"src\msgedit.c","471","msgedit_parse","","'d'","MSGEDIT_MISS_CHAR","OLC_MODE(d)","OLC_MODE(d) = MSGEDIT_MISS_CHAR;"
"src\msgedit.c","477","msgedit_parse","","'e'","MSGEDIT_MISS_VICT","OLC_MODE(d)","OLC_MODE(d) = MSGEDIT_MISS_VICT;"
"src\msgedit.c","483","msgedit_parse","","'f'","MSGEDIT_MISS_ROOM","OLC_MODE(d)","OLC_MODE(d) = MSGEDIT_MISS_ROOM;"
"src\msgedit.c","489","msgedit_parse","","'g'","MSGEDIT_HIT_CHAR","OLC_MODE(d)","OLC_MODE(d) = MSGEDIT_HIT_CHAR;"
"src\msgedit.c","495","msgedit_parse","","'h'","MSGEDIT_HIT_VICT","OLC_MODE(d)","OLC_MODE(d) = MSGEDIT_HIT_VICT;"
"src\msgedit.c","501","msgedit_parse","","'i'","MSGEDIT_HIT_ROOM","OLC_MODE(d)","OLC_MODE(d) = MSGEDIT_HIT_ROOM;"
"src\msgedit.c","507","msgedit_parse","","'j'","MSGEDIT_GOD_CHAR","OLC_MODE(d)","OLC_MODE(d) = MSGEDIT_GOD_CHAR;"
"src\msgedit.c","513","msgedit_parse","","'k'","MSGEDIT_GOD_VICT","OLC_MODE(d)","OLC_MODE(d) = MSGEDIT_GOD_VICT;"
"src\msgedit.c","519","msgedit_parse","","'l'","MSGEDIT_GOD_ROOM","OLC_MODE(d)","OLC_MODE(d) = MSGEDIT_GOD_ROOM;"
"src\msgedit.c","550","msgedit_parse","","'s'","MSGEDIT_CONFIRM_SAVE","OLC_MODE(d)","OLC_MODE(d) = MSGEDIT_CONFIRM_SAVE;"
"src\msgedit.c","555","msgedit_parse","","'q'","MSGEDIT_CONFIRM_SAVE","OLC_MODE(d)","OLC_MODE(d) = MSGEDIT_CONFIRM_SAVE;"
"src\oasis.c","213","cleanup_olc","CLEANUP_STRUCTS","CLEANUP_STRUCTS","CON_PLAYING","STATE(d)","STATE(d) = CON_PLAYING;"
"src\oedit.c","183","oedit_type_supports_regen_mult","","","CON_OEDIT","STATE(d)","STATE(d) = CON_OEDIT;"
"src\oedit.c","340","oedit_disp_extradesc_menu","","'R'","OEDIT_EXTRADESC_MENU","OLC_MODE(d)","OLC_MODE(d) = OEDIT_EXTRADESC_MENU;"
"src\oedit.c","362","oedit_disp_prompt_apply_menu","","'R'","OEDIT_PROMPT_APPLY","OLC_MODE(d)","OLC_MODE(d) = OEDIT_PROMPT_APPLY;"
"src\oedit.c","372","oedit_liquid_type","","'R'","OEDIT_VALUE_3","OLC_MODE(d)","OLC_MODE(d) = OEDIT_VALUE_3;"
"src\oedit.c","382","oedit_disp_apply_menu","","'R'","OEDIT_APPLY","OLC_MODE(d)","OLC_MODE(d) = OEDIT_APPLY;"
"src\oedit.c","419","oedit_disp_val1_menu","","","OEDIT_VALUE_1","OLC_MODE(d)","OLC_MODE(d) = OEDIT_VALUE_1;"
"src\oedit.c","475","oedit_disp_val2_menu","ITEM_FREE2","ITEM_FREE2","OEDIT_VALUE_2","OLC_MODE(d)","OLC_MODE(d) = OEDIT_VALUE_2;"
"src\oedit.c","510","oedit_disp_val3_menu","ITEM_FOUNTAIN","ITEM_FOUNTAIN","OEDIT_VALUE_3","OLC_MODE(d)","OLC_MODE(d) = OEDIT_VALUE_3;"
"src\oedit.c","544","oedit_disp_val4_menu","ITEM_FOUNTAIN","ITEM_FOUNTAIN","OEDIT_VALUE_4","OLC_MODE(d)","OLC_MODE(d) = OEDIT_VALUE_4;"
"src\oedit.c","759","oedit_disp_menu","","","OEDIT_MAIN_MENU","OLC_MODE(d)","OLC_MODE(d) = OEDIT_MAIN_MENU;"
"src\oedit.c","812","oedit_parse","","'Q'","OEDIT_CONFIRM_SAVESTRING","OLC_MODE(d)","OLC_MODE(d) = OEDIT_CONFIRM_SAVESTRING;"
"src\oedit.c","818","oedit_parse","","'1'","OEDIT_KEYWORD","OLC_MODE(d)","OLC_MODE(d) = OEDIT_KEYWORD;"
"src\oedit.c","822","oedit_parse","","'2'","OEDIT_SHORTDESC","OLC_MODE(d)","OLC_MODE(d) = OEDIT_SHORTDESC;"
"src\oedit.c","826","oedit_parse","","'3'","OEDIT_LONGDESC","OLC_MODE(d)","OLC_MODE(d) = OEDIT_LONGDESC;"
"src\oedit.c","829","oedit_parse","","'4'","OEDIT_ACTDESC","OLC_MODE(d)","OLC_MODE(d) = OEDIT_ACTDESC;"
"src\oedit.c","841","oedit_parse","","'5'","OEDIT_TYPE","OLC_MODE(d)","OLC_MODE(d) = OEDIT_TYPE;"
"src\oedit.c","845","oedit_parse","","'6'","OEDIT_EXTRAS","OLC_MODE(d)","OLC_MODE(d) = OEDIT_EXTRAS;"
"src\oedit.c","849","oedit_parse","","'7'","OEDIT_WEAR","OLC_MODE(d)","OLC_MODE(d) = OEDIT_WEAR;"
"src\oedit.c","853","oedit_parse","","'8'","OEDIT_WEIGHT","OLC_MODE(d)","OLC_MODE(d) = OEDIT_WEIGHT;"
"src\oedit.c","857","oedit_parse","","'9'","OEDIT_COST","OLC_MODE(d)","OLC_MODE(d) = OEDIT_COST;"
"src\oedit.c","862","oedit_parse","","'A'","OEDIT_COSTPERDAY","OLC_MODE(d)","OLC_MODE(d) = OEDIT_COSTPERDAY;"
"src\oedit.c","867","oedit_parse","","'B'","OEDIT_TIMER","OLC_MODE(d)","OLC_MODE(d) = OEDIT_TIMER;"
"src\oedit.c","876","oedit_parse","","'R'","OEDIT_REGEN_MULT","OLC_MODE(d)","OLC_MODE(d) = OEDIT_REGEN_MULT;"
"src\oedit.c","906","oedit_parse","","'M'","OEDIT_LEVEL","OLC_MODE(d)","OLC_MODE(d) = OEDIT_LEVEL;"
"src\oedit.c","911","oedit_parse","","'P'","OEDIT_PERM","OLC_MODE(d)","OLC_MODE(d) = OEDIT_PERM;"
"src\oedit.c","921","oedit_parse","","'Y'","OEDIT_REFERENCES","OLC_MODE(d)","OLC_MODE(d) = OEDIT_REFERENCES;"
"src\oedit.c","926","oedit_parse","","'W'","OEDIT_COPY","OLC_MODE(d)","OLC_MODE(d) = OEDIT_COPY;"
"src\oedit.c","931","oedit_parse","","'X'","OEDIT_DELETE","OLC_MODE(d)","OLC_MODE(d) = OEDIT_DELETE;"
"src\oedit.c","1195","oedit_parse","OEDIT_PROMPT_APPLY","OEDIT_PROMPT_APPLY","OEDIT_APPLY","OLC_MODE(d)","OLC_MODE(d) = OEDIT_APPLY;"
"src\oedit.c","1221","oedit_parse","OEDIT_APPLY","OEDIT_APPLY","OEDIT_APPLYMOD","OLC_MODE(d)","OLC_MODE(d) = OEDIT_APPLYMOD;"
"src\oedit.c","1258","oedit_parse","","1","OEDIT_EXTRADESC_KEY","OLC_MODE(d)","OLC_MODE(d) = OEDIT_EXTRADESC_KEY;"
"src\oedit.c","1263","oedit_parse","","2","OEDIT_EXTRADESC_DESCRIPTION","OLC_MODE(d)","OLC_MODE(d) = OEDIT_EXTRADESC_DESCRIPTION;"
"src\oedit.c","1311","oedit_parse","OEDIT_DELETE","OEDIT_DELETE","OEDIT_MAIN_MENU","OLC_MODE(d)","OLC_MODE(d) = OEDIT_MAIN_MENU;"
"src\prefedit.c","180","prefedit_disp_main_menu","","","PREFEDIT_MAIN_MENU","OLC_MODE(d)","OLC_MODE(d) = PREFEDIT_MAIN_MENU;"
"src\prefedit.c","290","prefedit_disp_toggles_menu","","","PREFEDIT_TOGGLE_MENU","OLC_MODE(d)","OLC_MODE(d) = PREFEDIT_TOGGLE_MENU;"
"src\prefedit.c","307","prefedit_disp_color_menu","","","PREFEDIT_COLOR","OLC_MODE(d)","OLC_MODE(d) = PREFEDIT_COLOR;"
"src\prefedit.c","324","prefedit_disp_syslog_menu","","","PREFEDIT_SYSLOG","OLC_MODE(d)","OLC_MODE(d) = PREFEDIT_SYSLOG;"
"src\prefedit.c","361","prefedit_parse","","'Q'","PREFEDIT_CONFIRM_SAVE","OLC_MODE(d)","OLC_MODE(d) = PREFEDIT_CONFIRM_SAVE;"
"src\prefedit.c","374","prefedit_parse","","'L'","PREFEDIT_PAGELENGTH","OLC_MODE(d)","OLC_MODE(d) = PREFEDIT_PAGELENGTH;"
"src\prefedit.c","380","prefedit_parse","","'S'","PREFEDIT_SCREENWIDTH","OLC_MODE(d)","OLC_MODE(d) = PREFEDIT_SCREENWIDTH;"
"src\prefedit.c","386","prefedit_parse","","'W'","PREFEDIT_WIMPY","OLC_MODE(d)","OLC_MODE(d) = PREFEDIT_WIMPY;"
"src\prefedit.c","909","prefedit_Restore_Defaults","","","CON_PREFEDIT","STATE(d)","STATE(d) = CON_PREFEDIT;"
"src\qedit.c","185","qedit_save_to_disk","","","CON_QEDIT","STATE(d)","STATE(d) = CON_QEDIT;"
"src\qedit.c","351","qedit_disp_menu","AQ_MOB_SAVE","AQ_MOB_SAVE","QEDIT_MAIN_MENU","OLC_MODE(d)","OLC_MODE(d) = QEDIT_MAIN_MENU;"
"src\qedit.c","359","qedit_disp_type_menu","AQ_MOB_SAVE","AQ_MOB_SAVE","QEDIT_TYPES","OLC_MODE(d)","OLC_MODE(d) = QEDIT_TYPES;"
"src\qedit.c","372","qedit_disp_flag_menu","AQ_MOB_SAVE","AQ_MOB_SAVE","QEDIT_FLAGS","OLC_MODE(d)","OLC_MODE(d) = QEDIT_FLAGS;"
"src\qedit.c","443","qedit_parse","","'Q'","QEDIT_CONFIRM_SAVESTRING","OLC_MODE(d)","OLC_MODE(d) = QEDIT_CONFIRM_SAVESTRING;"
"src\qedit.c","449","qedit_parse","","'X'","QEDIT_CONFIRM_DELETE","OLC_MODE(d)","OLC_MODE(d) = QEDIT_CONFIRM_DELETE;"
"src\qedit.c","453","qedit_parse","","'1'","QEDIT_NAME","OLC_MODE(d)","OLC_MODE(d) = QEDIT_NAME;"
"src\qedit.c","457","qedit_parse","","'2'","QEDIT_DESC","OLC_MODE(d)","OLC_MODE(d) = QEDIT_DESC;"
"src\qedit.c","461","qedit_parse","","'3'","QEDIT_INFO","OLC_MODE(d)","OLC_MODE(d) = QEDIT_INFO;"
"src\qedit.c","474","qedit_parse","","'4'","QEDIT_COMPLETE","OLC_MODE(d)","OLC_MODE(d) = QEDIT_COMPLETE;"
"src\qedit.c","487","qedit_parse","","'5'","QEDIT_ABANDON","OLC_MODE(d)","OLC_MODE(d) = QEDIT_ABANDON;"
"src\qedit.c","500","qedit_parse","","'6'","QEDIT_FLAGS","OLC_MODE(d)","OLC_MODE(d) = QEDIT_FLAGS;"
"src\qedit.c","504","qedit_parse","","'7'","QEDIT_TYPES","OLC_MODE(d)","OLC_MODE(d) = QEDIT_TYPES;"
"src\qedit.c","508","qedit_parse","","'8'","QEDIT_QUESTMASTER","OLC_MODE(d)","OLC_MODE(d) = QEDIT_QUESTMASTER;"
"src\qedit.c","512","qedit_parse","","'9'","QEDIT_TARGET","OLC_MODE(d)","OLC_MODE(d) = QEDIT_TARGET;"
"src\qedit.c","517","qedit_parse","","'A'","QEDIT_QUANTITY","OLC_MODE(d)","OLC_MODE(d) = QEDIT_QUANTITY;"
"src\qedit.c","522","qedit_parse","","'B'","QEDIT_POINTSCOMP","OLC_MODE(d)","OLC_MODE(d) = QEDIT_POINTSCOMP;"
"src\qedit.c","527","qedit_parse","","'C'","QEDIT_POINTSQUIT","OLC_MODE(d)","OLC_MODE(d) = QEDIT_POINTSQUIT;"
"src\qedit.c","532","qedit_parse","","'D'","QEDIT_LEVELMIN","OLC_MODE(d)","OLC_MODE(d) = QEDIT_LEVELMIN;"
"src\qedit.c","537","qedit_parse","","'E'","QEDIT_LEVELMAX","OLC_MODE(d)","OLC_MODE(d) = QEDIT_LEVELMAX;"
"src\qedit.c","542","qedit_parse","","'F'","QEDIT_PREREQ","OLC_MODE(d)","OLC_MODE(d) = QEDIT_PREREQ;"
"src\qedit.c","547","qedit_parse","","'G'","QEDIT_GOLD","OLC_MODE(d)","OLC_MODE(d) = QEDIT_GOLD;"
"src\qedit.c","552","qedit_parse","","'T'","QEDIT_EXP","OLC_MODE(d)","OLC_MODE(d) = QEDIT_EXP;"
"src\qedit.c","557","qedit_parse","","'O'","QEDIT_OBJ","OLC_MODE(d)","OLC_MODE(d) = QEDIT_OBJ;"
"src\qedit.c","562","qedit_parse","","'L'","QEDIT_TIMELIMIT","OLC_MODE(d)","OLC_MODE(d) = QEDIT_TIMELIMIT;"
"src\qedit.c","567","qedit_parse","","'N'","QEDIT_NEXTQUEST","OLC_MODE(d)","OLC_MODE(d) = QEDIT_NEXTQUEST;"
"src\qedit.c","572","qedit_parse","","'P'","QEDIT_PREVQUEST","OLC_MODE(d)","OLC_MODE(d) = QEDIT_PREVQUEST;"
"src\qedit.c","615","qedit_parse","QEDIT_TYPES","QEDIT_TYPES","QEDIT_RETURNMOB","OLC_MODE(d)","OLC_MODE(d) = QEDIT_RETURNMOB;"
"src\redit.c","156","","","","CON_REDIT","STATE(d)","STATE(d) = CON_REDIT;"
"src\redit.c","355","redit_disp_extradesc_menu","","'R'","REDIT_EXTRADESC_MENU","OLC_MODE(d)","OLC_MODE(d) = REDIT_EXTRADESC_MENU;"
"src\redit.c","399","redit_disp_exit_menu","","'R'","REDIT_EXIT_MENU","OLC_MODE(d)","OLC_MODE(d) = REDIT_EXIT_MENU;"
"src\redit.c","426","redit_disp_flag_menu","","","REDIT_FLAGS","OLC_MODE(d)","OLC_MODE(d) = REDIT_FLAGS;"
"src\redit.c","435","redit_disp_sector_menu","","","REDIT_SECTOR","OLC_MODE(d)","OLC_MODE(d) = REDIT_SECTOR;"
"src\redit.c","541","redit_disp_menu","","","REDIT_MAIN_MENU","OLC_MODE(d)","OLC_MODE(d) = REDIT_MAIN_MENU;"
"src\redit.c","760","redit_disp_resets_menu","","'V'","REDIT_RESETS_MENU","OLC_MODE(d)","OLC_MODE(d) = REDIT_RESETS_MENU;"
"src\redit.c","813","redit_parse","","'Q'","REDIT_CONFIRM_SAVESTRING","OLC_MODE(d)","OLC_MODE(d) = REDIT_CONFIRM_SAVESTRING;"
"src\redit.c","819","redit_parse","","'1'","REDIT_NAME","OLC_MODE(d)","OLC_MODE(d) = REDIT_NAME;"
"src\redit.c","822","redit_parse","","'2'","REDIT_DESC","OLC_MODE(d)","OLC_MODE(d) = REDIT_DESC;"
"src\redit.c","916","redit_parse","","'Y'","REDIT_REFERENCES","OLC_MODE(d)","OLC_MODE(d) = REDIT_REFERENCES;"
"src\redit.c","921","redit_parse","","'W'","REDIT_COPY","OLC_MODE(d)","OLC_MODE(d) = REDIT_COPY;"
"src\redit.c","931","redit_parse","","'X'","REDIT_DELETE","OLC_MODE(d)","OLC_MODE(d) = REDIT_DELETE;"
"src\redit.c","1000","redit_parse","","'1'","REDIT_EXIT_NUMBER","OLC_MODE(d)","OLC_MODE(d) = REDIT_EXIT_NUMBER;"
"src\redit.c","1004","redit_parse","","'2'","REDIT_EXIT_DESCRIPTION","OLC_MODE(d)","OLC_MODE(d) = REDIT_EXIT_DESCRIPTION;"
"src\redit.c","1014","redit_parse","","'3'","REDIT_EXIT_KEYWORD","OLC_MODE(d)","OLC_MODE(d) = REDIT_EXIT_KEYWORD;"
"src\redit.c","1018","redit_parse","","'4'","REDIT_EXIT_KEY","OLC_MODE(d)","OLC_MODE(d) = REDIT_EXIT_KEY;"
"src\redit.c","1022","redit_parse","","'5'","REDIT_EXIT_DOORFLAGS","OLC_MODE(d)","OLC_MODE(d) = REDIT_EXIT_DOORFLAGS;"
"src\redit.c","1119","redit_parse","","1","REDIT_EXTRADESC_KEY","OLC_MODE(d)","OLC_MODE(d) = REDIT_EXTRADESC_KEY;"
"src\redit.c","1123","redit_parse","","2","REDIT_EXTRADESC_DESCRIPTION","OLC_MODE(d)","OLC_MODE(d) = REDIT_EXTRADESC_DESCRIPTION;"
"src\redit.c","1171","redit_parse","REDIT_DELETE","REDIT_DELETE","REDIT_MAIN_MENU","OLC_MODE(d)","OLC_MODE(d) = REDIT_MAIN_MENU;"
"src\redit.c","1183","redit_parse","","'A'","REDIT_RESETS_ADD_MOB","OLC_MODE(d)","OLC_MODE(d) = REDIT_RESETS_ADD_MOB;"
"src\redit.c","1188","redit_parse","","'B'","REDIT_RESETS_ADD_OBJ","OLC_MODE(d)","OLC_MODE(d) = REDIT_RESETS_ADD_OBJ;"
"src\redit.c","1193","redit_parse","","'D'","REDIT_RESETS_DELETE","OLC_MODE(d)","OLC_MODE(d) = REDIT_RESETS_DELETE;"
"src\sedit.c","165","sedit_save_to_disk","","","CON_SEDIT","STATE(d)","STATE(d) = CON_SEDIT;"
"src\sedit.c","241","sedit_products_menu","","","SEDIT_PRODUCTS_MENU","OLC_MODE(d)","OLC_MODE(d) = SEDIT_PRODUCTS_MENU;"
"src\sedit.c","267","sedit_compact_rooms_menu","","","SEDIT_ROOMS_MENU","OLC_MODE(d)","OLC_MODE(d) = SEDIT_ROOMS_MENU;"
"src\sedit.c","298","sedit_rooms_menu","","","SEDIT_ROOMS_MENU","OLC_MODE(d)","OLC_MODE(d) = SEDIT_ROOMS_MENU;"
"src\sedit.c","322","sedit_namelist_menu","","","SEDIT_NAMELIST_MENU","OLC_MODE(d)","OLC_MODE(d) = SEDIT_NAMELIST_MENU;"
"src\sedit.c","339","sedit_shop_flags_menu","","","SEDIT_SHOP_FLAGS","OLC_MODE(d)","OLC_MODE(d) = SEDIT_SHOP_FLAGS;"
"src\sedit.c","356","sedit_no_trade_menu","","","SEDIT_NOTRADE","OLC_MODE(d)","OLC_MODE(d) = SEDIT_NOTRADE;"
"src\sedit.c","371","sedit_types_menu","","","SEDIT_TYPE_MENU","OLC_MODE(d)","OLC_MODE(d) = SEDIT_TYPE_MENU;"
"src\sedit.c","430","sedit_disp_menu","","","SEDIT_MAIN_MENU","OLC_MODE(d)","OLC_MODE(d) = SEDIT_MAIN_MENU;"
"src\sedit.c","476","sedit_parse","","'W'","SEDIT_COPY","OLC_MODE(d)","OLC_MODE(d) = SEDIT_COPY;"
"src\sedit.c","482","sedit_parse","","'Q'","SEDIT_CONFIRM_SAVESTRING","OLC_MODE(d)","OLC_MODE(d) = SEDIT_CONFIRM_SAVESTRING;"
"src\sedit.c","487","sedit_parse","","'0'","SEDIT_KEEPER","OLC_MODE(d)","OLC_MODE(d) = SEDIT_KEEPER;"
"src\sedit.c","491","sedit_parse","","'1'","SEDIT_OPEN1","OLC_MODE(d)","OLC_MODE(d) = SEDIT_OPEN1;"
"src\sedit.c","495","sedit_parse","","'2'","SEDIT_CLOSE1","OLC_MODE(d)","OLC_MODE(d) = SEDIT_CLOSE1;"
"src\sedit.c","499","sedit_parse","","'3'","SEDIT_OPEN2","OLC_MODE(d)","OLC_MODE(d) = SEDIT_OPEN2;"
"src\sedit.c","503","sedit_parse","","'4'","SEDIT_CLOSE2","OLC_MODE(d)","OLC_MODE(d) = SEDIT_CLOSE2;"
"src\sedit.c","507","sedit_parse","","'5'","SEDIT_BUY_PROFIT","OLC_MODE(d)","OLC_MODE(d) = SEDIT_BUY_PROFIT;"
"src\sedit.c","511","sedit_parse","","'6'","SEDIT_SELL_PROFIT","OLC_MODE(d)","OLC_MODE(d) = SEDIT_SELL_PROFIT;"
"src\sedit.c","515","sedit_parse","","'7'","SEDIT_NOITEM1","OLC_MODE(d)","OLC_MODE(d) = SEDIT_NOITEM1;"
"src\sedit.c","519","sedit_parse","","'8'","SEDIT_NOITEM2","OLC_MODE(d)","OLC_MODE(d) = SEDIT_NOITEM2;"
"src\sedit.c","523","sedit_parse","","'9'","SEDIT_NOCASH1","OLC_MODE(d)","OLC_MODE(d) = SEDIT_NOCASH1;"
"src\sedit.c","528","sedit_parse","","'A'","SEDIT_NOCASH2","OLC_MODE(d)","OLC_MODE(d) = SEDIT_NOCASH2;"
"src\sedit.c","533","sedit_parse","","'B'","SEDIT_NOBUY","OLC_MODE(d)","OLC_MODE(d) = SEDIT_NOBUY;"
"src\sedit.c","538","sedit_parse","","'C'","SEDIT_BUY","OLC_MODE(d)","OLC_MODE(d) = SEDIT_BUY;"
"src\sedit.c","543","sedit_parse","","'D'","SEDIT_SELL","OLC_MODE(d)","OLC_MODE(d) = SEDIT_SELL;"
"src\sedit.c","590","sedit_parse","","'D'","SEDIT_DELETE_TYPE","OLC_MODE(d)","OLC_MODE(d) = SEDIT_DELETE_TYPE;"
"src\sedit.c","603","sedit_parse","","'A'","SEDIT_NEW_PRODUCT","OLC_MODE(d)","OLC_MODE(d) = SEDIT_NEW_PRODUCT;"
"src\sedit.c","608","sedit_parse","","'D'","SEDIT_DELETE_PRODUCT","OLC_MODE(d)","OLC_MODE(d) = SEDIT_DELETE_PRODUCT;"
"src\sedit.c","621","sedit_parse","","'A'","SEDIT_NEW_ROOM","OLC_MODE(d)","OLC_MODE(d) = SEDIT_NEW_ROOM;"
"src\sedit.c","634","sedit_parse","","'D'","SEDIT_DELETE_ROOM","OLC_MODE(d)","OLC_MODE(d) = SEDIT_DELETE_ROOM;"
"src\sedit.c","717","sedit_parse","SEDIT_TYPE_MENU","SEDIT_TYPE_MENU","SEDIT_NAMELIST","OLC_MODE(d)","OLC_MODE(d) = SEDIT_NAMELIST;"
"src\tedit.c","60","tedit_string_cleanup","STRINGADD_ABORT","STRINGADD_ABORT","CON_PLAYING","STATE(d)","STATE(d) = CON_PLAYING;"
"src\zedit.c","224","","","","CON_ZEDIT","STATE(d)","STATE(d) = CON_ZEDIT;"
"src\zedit.c","429","zedit_disp_flag_menu","","'O'","ZEDIT_ZONE_FLAGS","OLC_MODE(d)","OLC_MODE(d) = ZEDIT_ZONE_FLAGS;"
"src\zedit.c","594","zedit_disp_menu","","'V'","ZEDIT_MAIN_MENU","OLC_MODE(d)","OLC_MODE(d) = ZEDIT_MAIN_MENU;"
"src\zedit.c","614","zedit_disp_comtype","","'V'","ZEDIT_COMMAND_TYPE","OLC_MODE(d)","OLC_MODE(d) = ZEDIT_COMMAND_TYPE;"
"src\zedit.c","626","zedit_disp_arg1","","'M'","ZEDIT_ARG1","OLC_MODE(d)","OLC_MODE(d) = ZEDIT_ARG1;"
"src\zedit.c","633","zedit_disp_arg1","","'G'","ZEDIT_ARG1","OLC_MODE(d)","OLC_MODE(d) = ZEDIT_ARG1;"
"src\zedit.c","644","zedit_disp_arg1","","'V'","ZEDIT_ARG1","OLC_MODE(d)","OLC_MODE(d) = ZEDIT_ARG1;"
"src\zedit.c","693","zedit_disp_arg2","","'V'","ZEDIT_ARG2","OLC_MODE(d)","OLC_MODE(d) = ZEDIT_ARG2;"
"src\zedit.c","730","zedit_disp_arg3","","'G'","ZEDIT_ARG3","OLC_MODE(d)","OLC_MODE(d) = ZEDIT_ARG3;"
"src\zedit.c","755","zedit_disp_levels","","'G'","ZEDIT_LEVELS","OLC_MODE(d)","OLC_MODE(d) = ZEDIT_LEVELS;"
"src\zedit.c","796","zedit_parse","","'Q'","ZEDIT_CONFIRM_SAVESTRING","OLC_MODE(d)","OLC_MODE(d) = ZEDIT_CONFIRM_SAVESTRING;"
"src\zedit.c","814","zedit_parse","","'N'","ZEDIT_NEW_ENTRY","OLC_MODE(d)","OLC_MODE(d) = ZEDIT_NEW_ENTRY;"
"src\zedit.c","819","zedit_parse","","'Y'","ZEDIT_REFERENCES","OLC_MODE(d)","OLC_MODE(d) = ZEDIT_REFERENCES;"
"src\zedit.c","825","zedit_parse","","'E'","ZEDIT_CHANGE_ENTRY","OLC_MODE(d)","OLC_MODE(d) = ZEDIT_CHANGE_ENTRY;"
"src\zedit.c","831","zedit_parse","","'D'","ZEDIT_DELETE_ENTRY","OLC_MODE(d)","OLC_MODE(d) = ZEDIT_DELETE_ENTRY;"
"src\zedit.c","837","zedit_parse","","'Z'","ZEDIT_ZONE_NAME","OLC_MODE(d)","OLC_MODE(d) = ZEDIT_ZONE_NAME;"
"src\zedit.c","842","zedit_parse","","'1'","ZEDIT_ZONE_BUILDERS","OLC_MODE(d)","OLC_MODE(d) = ZEDIT_ZONE_BUILDERS;"
"src\zedit.c","851","zedit_parse","","'B'","ZEDIT_ZONE_BOT","OLC_MODE(d)","OLC_MODE(d) = ZEDIT_ZONE_BOT;"
"src\zedit.c","861","zedit_parse","","'T'","ZEDIT_ZONE_TOP","OLC_MODE(d)","OLC_MODE(d) = ZEDIT_ZONE_TOP;"
"src\zedit.c","868","zedit_parse","","'L'","ZEDIT_ZONE_LIFE","OLC_MODE(d)","OLC_MODE(d) = ZEDIT_ZONE_LIFE;"
"src\zedit.c","878","zedit_parse","","'R'","ZEDIT_ZONE_RESET","OLC_MODE(d)","OLC_MODE(d) = ZEDIT_ZONE_RESET;"
"src\zedit.c","903","zedit_parse","","","ZEDIT_LEV_MIN","OLC_MODE(d)","OLC_MODE(d) = ZEDIT_LEV_MIN;"
"src\zedit.c","907","zedit_parse","","","ZEDIT_LEV_MAX","OLC_MODE(d)","OLC_MODE(d) = ZEDIT_LEV_MAX;"
"src\zedit.c","998","zedit_parse","ZEDIT_COMMAND_TYPE","ZEDIT_COMMAND_TYPE","ZEDIT_IF_FLAG","OLC_MODE(d)","OLC_MODE(d) = ZEDIT_IF_FLAG;"
"src\zedit.c","1098","zedit_parse","","'V'","ZEDIT_SARG1","OLC_MODE(d)","OLC_MODE(d) = ZEDIT_SARG1;"
"src\zedit.c","1187","zedit_parse","ZEDIT_SARG1","ZEDIT_SARG1","ZEDIT_SARG2","OLC_MODE(d)","OLC_MODE(d) = ZEDIT_SARG2;"
