"File","Line","Symbol","Definition","Function","Evidence"
"src\oasis.h","154","AEDIT_ACTION_NAME","4","","#define AEDIT_ACTION_NAME              4"
"src\oasis.h","152","AEDIT_CONFIRM_ADD","2","","#define AEDIT_CONFIRM_ADD              2"
"src\oasis.h","151","AEDIT_CONFIRM_EDIT","1","","#define AEDIT_CONFIRM_EDIT             1"
"src\oasis.h","150","AEDIT_CONFIRM_SAVESTRING","0","","#define AEDIT_CONFIRM_SAVESTRING       0"
"src\oasis.h","158","AEDIT_HIDDEN_FLAG","8","","#define AEDIT_HIDDEN_FLAG              8"
"src\oasis.h","153","AEDIT_MAIN_MENU","3","","#define AEDIT_MAIN_MENU                3"
"src\oasis.h","159","AEDIT_MIN_CHAR_LEVEL","9","","#define AEDIT_MIN_CHAR_LEVEL           9"
"src\oasis.h","156","AEDIT_MIN_CHAR_POS","6","","#define AEDIT_MIN_CHAR_POS             6"
"src\oasis.h","157","AEDIT_MIN_VICT_POS","7","","#define AEDIT_MIN_VICT_POS             7"
"src\oasis.h","160","AEDIT_NOVICT_CHAR","10","","#define AEDIT_NOVICT_CHAR              10"
"src\oasis.h","161","AEDIT_NOVICT_OTHERS","11","","#define AEDIT_NOVICT_OTHERS            11"
"src\oasis.h","171","AEDIT_OBJ_CHAR_FOUND","21","","#define AEDIT_OBJ_CHAR_FOUND           21"
"src\oasis.h","172","AEDIT_OBJ_OTHERS_FOUND","22","","#define AEDIT_OBJ_OTHERS_FOUND         22"
"src\oasis.h","23","AEDIT_PERMISSION","999  /* arbitrary number higher than max zone vnum*/","","#define AEDIT_PERMISSION  999  /* arbitrary number higher than max zone vnum*/"
"src\oasis.h","166","AEDIT_SELF_CHAR","16","","#define AEDIT_SELF_CHAR                16"
"src\oasis.h","167","AEDIT_SELF_OTHERS","17","","#define AEDIT_SELF_OTHERS              17"
"src\oasis.h","155","AEDIT_SORT_AS","5","","#define AEDIT_SORT_AS                  5"
"src\oasis.h","168","AEDIT_VICT_CHAR_BODY_FOUND","18","","#define AEDIT_VICT_CHAR_BODY_FOUND     18"
"src\oasis.h","162","AEDIT_VICT_CHAR_FOUND","12","","#define AEDIT_VICT_CHAR_FOUND          12"
"src\oasis.h","165","AEDIT_VICT_NOT_FOUND","15","","#define AEDIT_VICT_NOT_FOUND           15"
"src\oasis.h","169","AEDIT_VICT_OTHERS_BODY_FOUND","19","","#define AEDIT_VICT_OTHERS_BODY_FOUND   19"
"src\oasis.h","163","AEDIT_VICT_OTHERS_FOUND","13","","#define AEDIT_VICT_OTHERS_FOUND        13"
"src\oasis.h","170","AEDIT_VICT_VICT_BODY_FOUND","20","","#define AEDIT_VICT_VICT_BODY_FOUND     20"
"src\oasis.h","164","AEDIT_VICT_VICT_FOUND","14","","#define AEDIT_VICT_VICT_FOUND          14"
"src\act.wizard.c","7147","can_edit_new_zone","enum/list symbol","mobtemplate_range_is_clear","can_edit_new_zone = TRUE;"
"src\act.wizard.c","7150","can_edit_new_zone","enum/list symbol","mobtemplate_range_is_clear","can_edit_new_zone = TRUE;"
"src\oasis.h","396","CEDIT_AUTOSAVE_TIME","37","","#define CEDIT_AUTOSAVE_TIME		37"
"src\oasis.h","366","CEDIT_AUTOWIZ_OPTIONS_MENU","7","","#define CEDIT_AUTOWIZ_OPTIONS_MENU	7"
"src\oasis.h","360","CEDIT_CONFIRM_SAVESTRING","1","","#define CEDIT_CONFIRM_SAVESTRING	1"
"src\oasis.h","397","CEDIT_CRASH_FILE_TIMEOUT","38","","#define CEDIT_CRASH_FILE_TIMEOUT	38"
"src\oasis.h","362","CEDIT_CRASHSAVE_OPTIONS_MENU","3","","#define CEDIT_CRASHSAVE_OPTIONS_MENU	3"
"src\oasis.h","416","CEDIT_DEBUG_MODE","57","","#define CEDIT_DEBUG_MODE     57"
"src\oasis.h","372","CEDIT_DFLT_DIR","13","","#define CEDIT_DFLT_DIR			13"
"src\oasis.h","371","CEDIT_DFLT_IP","12","","#define CEDIT_DFLT_IP			12"
"src\oasis.h","405","CEDIT_DFLT_PORT","46","","#define CEDIT_DFLT_PORT			46"
"src\oasis.h","364","CEDIT_DISP_EXPERIENCE_MENU","5","","#define CEDIT_DISP_EXPERIENCE_MENU	5"
"src\oasis.h","402","CEDIT_DONATION_ROOM_1","43","","#define CEDIT_DONATION_ROOM_1		43"
"src\oasis.h","403","CEDIT_DONATION_ROOM_2","44","","#define CEDIT_DONATION_ROOM_2		44"
"src\oasis.h","404","CEDIT_DONATION_ROOM_3","45","","#define CEDIT_DONATION_ROOM_3		45"
"src\oasis.h","390","CEDIT_DTS_ARE_DUMPS","31","","#define CEDIT_DTS_ARE_DUMPS		31"
"src\oasis.h","401","CEDIT_FROZEN_START_ROOM","42","","#define CEDIT_FROZEN_START_ROOM		42"
"src\oasis.h","361","CEDIT_GAME_OPTIONS_MENU","2","","#define CEDIT_GAME_OPTIONS_MENU		2"
"src\oasis.h","381","CEDIT_HOLLER_MOVE_COST","22","","#define CEDIT_HOLLER_MOVE_COST		22"
"src\oasis.h","368","CEDIT_HUH","9","","#define CEDIT_HUH			9"
"src\oasis.h","389","CEDIT_IDLE_MAX_LEVEL","30","","#define CEDIT_IDLE_MAX_LEVEL		30"
"src\oasis.h","388","CEDIT_IDLE_RENT_TIME","29","","#define CEDIT_IDLE_RENT_TIME		29"
"src\oasis.h","387","CEDIT_IDLE_VOID","28","","#define CEDIT_IDLE_VOID			28"
"src\oasis.h","400","CEDIT_IMMORT_START_ROOM","41","","#define CEDIT_IMMORT_START_ROOM		41"
"src\oasis.h","380","CEDIT_LEVEL_CAN_SHOUT","21","","#define CEDIT_LEVEL_CAN_SHOUT		21"
"src\oasis.h","391","CEDIT_LOAD_INTO_INVENTORY","32","","#define CEDIT_LOAD_INTO_INVENTORY	32"
"src\oasis.h","373","CEDIT_LOGNAME","14","","#define CEDIT_LOGNAME			14"
"src\oasis.h","359","CEDIT_MAIN_MENU","0","","#define CEDIT_MAIN_MENU			0"
"src\oasis.h","413","CEDIT_MAP_OPTION","54","","#define CEDIT_MAP_OPTION   54"
"src\oasis.h","414","CEDIT_MAP_SIZE","55","","#define CEDIT_MAP_SIZE     55"
"src\oasis.h","408","CEDIT_MAX_BAD_PWS","49","","#define CEDIT_MAX_BAD_PWS		49"
"src\oasis.h","383","CEDIT_MAX_EXP_GAIN","24","","#define CEDIT_MAX_EXP_GAIN		24"
"src\oasis.h","384","CEDIT_MAX_EXP_LOSS","25","","#define CEDIT_MAX_EXP_LOSS		25"
"src\oasis.h","407","CEDIT_MAX_FILESIZE","48","","#define CEDIT_MAX_FILESIZE		48"
"src\oasis.h","385","CEDIT_MAX_NPC_CORPSE_TIME","26","","#define CEDIT_MAX_NPC_CORPSE_TIME	26"
"src\oasis.h","394","CEDIT_MAX_OBJ_SAVE","35","","#define CEDIT_MAX_OBJ_SAVE		35"
"src\oasis.h","386","CEDIT_MAX_PC_CORPSE_TIME","27","","#define CEDIT_MAX_PC_CORPSE_TIME	27"
"src\oasis.h","406","CEDIT_MAX_PLAYING","47","","#define CEDIT_MAX_PLAYING		47"
"src\oasis.h","374","CEDIT_MENU","15","","#define CEDIT_MENU			15"
"src\oasis.h","395","CEDIT_MIN_RENT_COST","36","","#define CEDIT_MIN_RENT_COST		36"
"src\oasis.h","412","CEDIT_MIN_WIZLIST_LEV","53","","#define CEDIT_MIN_WIZLIST_LEV		53"
"src\oasis.h","415","CEDIT_MINIMAP_SIZE","56","","#define CEDIT_MINIMAP_SIZE   56"
"src\oasis.h","399","CEDIT_MORTAL_START_ROOM","40","","#define CEDIT_MORTAL_START_ROOM		40"
"src\oasis.h","410","CEDIT_NAMESERVER_IS_SLOW","51","","#define CEDIT_NAMESERVER_IS_SLOW	51"
"src\oasis.h","393","CEDIT_NO_MORT_TO_IMMORT","34","","#define CEDIT_NO_MORT_TO_IMMORT		34"
"src\oasis.h","370","CEDIT_NOEFFECT","11","","#define CEDIT_NOEFFECT			11"
"src\oasis.h","369","CEDIT_NOPERSON","10","","#define CEDIT_NOPERSON			10"
"src\oasis.h","379","CEDIT_NUMERICAL_RESPONSE","20","","#define CEDIT_NUMERICAL_RESPONSE	20"
"src\oasis.h","367","CEDIT_OK","8","","#define CEDIT_OK			8"
"src\oasis.h","363","CEDIT_OPERATION_OPTIONS_MENU","4","","#define CEDIT_OPERATION_OPTIONS_MENU	4"
"src\oasis.h","398","CEDIT_RENT_FILE_TIMEOUT","39","","#define CEDIT_RENT_FILE_TIMEOUT		39"
"src\oasis.h","365","CEDIT_ROOM_NUMBERS_MENU","6","","#define CEDIT_ROOM_NUMBERS_MENU		6"
"src\oasis.h","409","CEDIT_SITEOK_EVERYONE","50","","#define CEDIT_SITEOK_EVERYONE		50"
"src\oasis.h","376","CEDIT_START_MESSG","17","","#define CEDIT_START_MESSG		17"
"src\oasis.h","392","CEDIT_TRACK_THROUGH_DOORS","33","","#define CEDIT_TRACK_THROUGH_DOORS	33"
"src\oasis.h","382","CEDIT_TUNNEL_SIZE","23","","#define CEDIT_TUNNEL_SIZE		23"
"src\oasis.h","411","CEDIT_USE_AUTOWIZ","52","","#define CEDIT_USE_AUTOWIZ		52"
"src\oasis.h","375","CEDIT_WELC_MESSG","16","","#define CEDIT_WELC_MESSG		16"
"src\act.clan.c","352","CLANEDIT_CONFIRM_QUIT","5","clanlist_cmp","#define CLANEDIT_CONFIRM_QUIT 5"
"src\act.clan.c","347","CLANEDIT_MAIN","0","clanlist_cmp","#define CLANEDIT_MAIN 0"
"src\act.clan.c","349","CLANEDIT_SET_DISPLAY_NAME","2","clanlist_cmp","#define CLANEDIT_SET_DISPLAY_NAME 2"
"src\act.clan.c","348","CLANEDIT_SET_NAME","1","clanlist_cmp","#define CLANEDIT_SET_NAME 1"
"src\act.clan.c","351","CLANEDIT_SET_PVP_TYPE","4","clanlist_cmp","#define CLANEDIT_SET_PVP_TYPE 4"
"src\act.clan.c","350","CLANEDIT_SET_TAG","3","clanlist_cmp","#define CLANEDIT_SET_TAG 3"
"src\structs.h","398","CON_AEDIT","26 /**< OLC mode - social (action) edit      */","","#define CON_AEDIT        26 /**< OLC mode - social (action) edit      */"
"src\structs.h","397","CON_CEDIT","25 /**< OLC mode - conf editor		*/","","#define CON_CEDIT        25 /**< OLC mode - conf editor		*/"
"src\structs.h","368","CON_CLANEDIT","42 /**< Clan editor */","","#define CON_CLANEDIT      42 /**< Clan editor */"
"src\structs.h","400","CON_HEDIT","28 /**< OLC mode - help edit */","","#define CON_HEDIT        28 /**< OLC mode - help edit */"
"src\structs.h","403","CON_IBTEDIT","31 /**< OLC mode - idea/bug/typo edit */","","#define CON_IBTEDIT      31 /**< OLC mode - idea/bug/typo edit */"
"src\structs.h","394","CON_MEDIT","22 /**< OLC mode - mobile editor		*/","","#define CON_MEDIT        22 /**< OLC mode - mobile editor		*/"
"src\structs.h","404","CON_MSGEDIT","32 /**< OLC mode - message editor */","","#define CON_MSGEDIT      32 /**< OLC mode - message editor */"
"src\structs.h","391","CON_OEDIT","19 /**< OLC mode - object editor		*/","","#define CON_OEDIT        19 /**< OLC mode - object editor		*/"
"src\structs.h","402","CON_PREFEDIT","30 /**< OLC mode - preference edit */","","#define CON_PREFEDIT     30 /**< OLC mode - preference edit */"
"src\structs.h","401","CON_QEDIT","29 /**< OLC mode - quest edit */","","#define CON_QEDIT        29 /**< OLC mode - quest edit */"
"src\structs.h","392","CON_REDIT","20 /**< OLC mode - room editor		*/","","#define CON_REDIT        20 /**< OLC mode - room editor		*/"
"src\structs.h","395","CON_SEDIT","23 /**< OLC mode - shop editor		*/","","#define CON_SEDIT        23 /**< OLC mode - shop editor		*/"
"src\structs.h","396","CON_TEDIT","24 /**< OLC mode - text editor		*/","","#define CON_TEDIT        24 /**< OLC mode - text editor		*/"
"src\structs.h","399","CON_TRIGEDIT","27 /**< OLC mode - trigger edit              */","","#define CON_TRIGEDIT     27 /**< OLC mode - trigger edit              */"
"src\structs.h","393","CON_ZEDIT","21 /**< OLC mode - zone info editor		*/","","#define CON_ZEDIT        21 /**< OLC mode - zone info editor		*/"
"src\genolc.h","16","CONFIG_GENOLC_MOBPROG","0","","#define CONFIG_GENOLC_MOBPROG	0"
"src\improved-edit.h","16","CONFIG_IMPROVED_EDITOR","1","","#define CONFIG_IMPROVED_EDITOR	1"
"src\cedit.c","235","CONFIG_MEDIT_ADVANCED","enum/list symbol","cedit_save_internally","CONFIG_MEDIT_ADVANCED     = OLC_CONFIG(d)->operation.medit_advanced;"
"src\db.c","4244","CONFIG_MEDIT_ADVANCED","enum/list symbol","load_default_config","CONFIG_MEDIT_ADVANCED         = medit_advanced_stats;"
"src\db.c","4413","CONFIG_MEDIT_ADVANCED","enum/list symbol","load_config","CONFIG_MEDIT_ADVANCED = num;"
"src\utils.h","1189","CONFIG_MEDIT_ADVANCED","config_info.operation.medit_advanced","","#define CONFIG_MEDIT_ADVANCED   config_info.operation.medit_advanced"
"src\cedit.c","234","CONFIG_OLC_SAVE","enum/list symbol","cedit_save_internally","CONFIG_OLC_SAVE           = OLC_CONFIG(d)->operation.auto_save_olc;"
"src\db.c","4240","CONFIG_OLC_SAVE","enum/list symbol","load_default_config","CONFIG_OLC_SAVE               = auto_save_olc;"
"src\db.c","4280","CONFIG_OLC_SAVE","enum/list symbol","load_config","CONFIG_OLC_SAVE = num;"
"src\utils.h","1173","CONFIG_OLC_SAVE","config_info.operation.auto_save_olc","","#define CONFIG_OLC_SAVE         config_info.operation.auto_save_olc"
"src\db.h","91","CREDITS_FILE","LIB_TEXT""credits"" /* for the 'credits' command	*/","","#define CREDITS_FILE	LIB_TEXT""credits"" /* for the 'credits' command	*/"
"src\structs.h","408","FIRST_OLC_STATE","CON_OEDIT     /**< The first CON_ state that is an OLC */","","#define FIRST_OLC_STATE CON_OEDIT     /**< The first CON_ state that is an OLC */"
"src\oasis.h","421","HEDIT_CONFIRM_ADD","2","","#define HEDIT_CONFIRM_ADD               2"
"src\oasis.h","420","HEDIT_CONFIRM_EDIT","1","","#define HEDIT_CONFIRM_EDIT              1"
"src\oasis.h","419","HEDIT_CONFIRM_SAVESTRING","0","","#define HEDIT_CONFIRM_SAVESTRING        0"
"src\oasis.h","423","HEDIT_ENTRY","4","","#define HEDIT_ENTRY                     4"
"src\oasis.h","424","HEDIT_KEYWORDS","5","","#define HEDIT_KEYWORDS                  5"
"src\oasis.h","422","HEDIT_MAIN_MENU","3","","#define HEDIT_MAIN_MENU                 3"
"src\oasis.h","425","HEDIT_MIN_LEVEL","6","","#define HEDIT_MIN_LEVEL                 6"
"src\oasis.h","24","HEDIT_PERMISSION","888  /* arbitrary number higher then max zone vnum*/","","#define HEDIT_PERMISSION  888  /* arbitrary number higher then max zone vnum*/"
"src\ibt.h","45","IBTEDIT_BODY","7","","#define IBTEDIT_BODY               7"
"src\ibt.h","39","IBTEDIT_CONFIRM_SAVESTRING","1","","#define IBTEDIT_CONFIRM_SAVESTRING 1"
"src\ibt.h","44","IBTEDIT_FLAGS","6","","#define IBTEDIT_FLAGS              6"
"src\ibt.h","40","IBTEDIT_MAIN_MENU","2","","#define IBTEDIT_MAIN_MENU          2"
"src\ibt.h","41","IBTEDIT_NAME","3","","#define IBTEDIT_NAME               3"
"src\ibt.h","46","IBTEDIT_NOTES","8","","#define IBTEDIT_NOTES              8"
"src\ibt.h","42","IBTEDIT_ROOM","4","","#define IBTEDIT_ROOM               4"
"src\ibt.h","43","IBTEDIT_TEXT","5","","#define IBTEDIT_TEXT               5"
"src\structs.h","409","LAST_OLC_STATE","CON_MSGEDIT   /**< The last CON_ state that is an OLC  */","","#define LAST_OLC_STATE  CON_MSGEDIT   /**< The last CON_ state that is an OLC  */"
"src\oasis.h","278","MEDIT_AC","19","","#define MEDIT_AC			19"
"src\oasis.h","277","MEDIT_ADD_HP","18","","#define MEDIT_ADD_HP			18"
"src\oasis.h","264","MEDIT_AFF_FLAGS","6","","#define MEDIT_AFF_FLAGS             6"
"src\oasis.h","285","MEDIT_ALIGNMENT","26","","#define MEDIT_ALIGNMENT			26"
"src\oasis.h","283","MEDIT_ATTACK","24","","#define MEDIT_ATTACK			24"
"src\oasis.h","317","MEDIT_BEHAVIOR_COMBAT","139","","#define MEDIT_BEHAVIOR_COMBAT                 139"
"src\oasis.h","315","MEDIT_BEHAVIOR_GENERAL","137","","#define MEDIT_BEHAVIOR_GENERAL                137"
"src\oasis.h","316","MEDIT_BEHAVIOR_MOVEMENT","138","","#define MEDIT_BEHAVIOR_MOVEMENT               138"
"src\oasis.h","318","MEDIT_BEHAVIOR_OBJECTS","140","","#define MEDIT_BEHAVIOR_OBJECTS                140"
"src\oasis.h","297","MEDIT_BREATH","38","","#define MEDIT_BREATH                    38"
"src\oasis.h","293","MEDIT_CHA","34","","#define MEDIT_CHA                       34"
"src\oasis.h","292","MEDIT_CON","33","","#define MEDIT_CON                       33"
"src\oasis.h","265","MEDIT_CONFIRM_SAVESTRING","7","","#define MEDIT_CONFIRM_SAVESTRING    7"
"src\oasis.h","287","MEDIT_COPY","28","","#define MEDIT_COPY                      28"
"src\oasis.h","262","MEDIT_D_DESC","4","","#define MEDIT_D_DESC                4"
"src\oasis.h","272","MEDIT_DAMROLL","13","","#define MEDIT_DAMROLL			13"
"src\oasis.h","282","MEDIT_DEFAULT_POS","23","","#define MEDIT_DEFAULT_POS		23"
"src\oasis.h","286","MEDIT_DELETE","27","","#define MEDIT_DELETE                    27"
"src\oasis.h","291","MEDIT_DEX","32","","#define MEDIT_DEX                       32"
"src\oasis.h","302","MEDIT_EVASION","43","","#define MEDIT_EVASION                   43"
"src\oasis.h","279","MEDIT_EXP","20","","#define MEDIT_EXP			20"
"src\oasis.h","280","MEDIT_GOLD","21","","#define MEDIT_GOLD			21"
"src\oasis.h","271","MEDIT_HITROLL","12","","#define MEDIT_HITROLL			12"
"src\oasis.h","289","MEDIT_INT","30","","#define MEDIT_INT                       30"
"src\oasis.h","259","MEDIT_KEYWORD","1","","#define MEDIT_KEYWORD               1"
"src\oasis.h","261","MEDIT_L_DESC","3","","#define MEDIT_L_DESC                3"
"src\oasis.h","322","MEDIT_LEGACY_DIAGNOSTICS","144","","#define MEDIT_LEGACY_DIAGNOSTICS              144"
"src\oasis.h","319","MEDIT_LEGACY_MENU","141","","#define MEDIT_LEGACY_MENU                     141"
"src\oasis.h","321","MEDIT_LEGACY_PREVIEW","143","","#define MEDIT_LEGACY_PREVIEW                  143"
"src\oasis.h","320","MEDIT_LEGACY_SPECIAL","142","","#define MEDIT_LEGACY_SPECIAL                  142"
"src\oasis.h","284","MEDIT_LEVEL","25","","#define MEDIT_LEVEL			25"
"src\oasis.h","301","MEDIT_LEVEL_AUTOFILL_CONFIRM","42","","#define MEDIT_LEVEL_AUTOFILL_CONFIRM    42"
"src\oasis.h","307","MEDIT_LOADOUT_EQUIP_REPLACE","48","","#define MEDIT_LOADOUT_EQUIP_REPLACE     48"
"src\oasis.h","306","MEDIT_LOADOUT_EQUIP_SLOT","47","","#define MEDIT_LOADOUT_EQUIP_SLOT        47"
"src\oasis.h","305","MEDIT_LOADOUT_EQUIP_VNUM","46","","#define MEDIT_LOADOUT_EQUIP_VNUM        46"
"src\oasis.h","309","MEDIT_LOADOUT_INV_COUNT","50","","#define MEDIT_LOADOUT_INV_COUNT         50"
"src\oasis.h","308","MEDIT_LOADOUT_INV_VNUM","49","","#define MEDIT_LOADOUT_INV_VNUM          49"
"src\oasis.h","311","MEDIT_LOADOUT_LOOT_CHANCE","52","","#define MEDIT_LOADOUT_LOOT_CHANCE       52"
"src\oasis.h","310","MEDIT_LOADOUT_LOOT_VNUM","51","","#define MEDIT_LOADOUT_LOOT_VNUM         51"
"src\oasis.h","304","MEDIT_LOADOUT_MENU","45","","#define MEDIT_LOADOUT_MENU              45"
"src\oasis.h","312","MEDIT_LOADOUT_REMOVE_EQUIP","53","","#define MEDIT_LOADOUT_REMOVE_EQUIP      53"
"src\oasis.h","313","MEDIT_LOADOUT_REMOVE_INV","54","","#define MEDIT_LOADOUT_REMOVE_INV        54"
"src\oasis.h","314","MEDIT_LOADOUT_REMOVE_LOOT","55","","#define MEDIT_LOADOUT_REMOVE_LOOT       55"
"src\oasis.h","258","MEDIT_MAIN_MENU","0","","#define MEDIT_MAIN_MENU            	0"
"src\oasis.h","273","MEDIT_NDD","14","","#define MEDIT_NDD			14"
"src\oasis.h","263","MEDIT_NPC_FLAGS","5","","#define MEDIT_NPC_FLAGS             5"
"src\oasis.h","275","MEDIT_NUM_HP_DICE","16","","#define MEDIT_NUM_HP_DICE		16"
"src\oasis.h","269","MEDIT_NUMERICAL_RESPONSE","10","","#define MEDIT_NUMERICAL_RESPONSE	10"
"src\oasis.h","294","MEDIT_PARA","35","","#define MEDIT_PARA                      35"
"src\oasis.h","299","MEDIT_PET_PRICE","40","","#define MEDIT_PET_PRICE                 40"
"src\oasis.h","296","MEDIT_PETRI","37","","#define MEDIT_PETRI                     37"
"src\oasis.h","281","MEDIT_POS","22","","#define MEDIT_POS			22"
"src\oasis.h","323","MEDIT_REFERENCES","145","","#define MEDIT_REFERENCES                      145"
"src\oasis.h","295","MEDIT_ROD","36","","#define MEDIT_ROD                       36"
"src\oasis.h","260","MEDIT_S_DESC","2","","#define MEDIT_S_DESC                2"
"src\oasis.h","274","MEDIT_SDD","15","","#define MEDIT_SDD			15"
"src\oasis.h","270","MEDIT_SEX","11","","#define MEDIT_SEX			11"
"src\oasis.h","276","MEDIT_SIZE_HP_DICE","17","","#define MEDIT_SIZE_HP_DICE		17"
"src\oasis.h","298","MEDIT_SPELL","39","","#define MEDIT_SPELL                     39"
"src\oasis.h","266","MEDIT_STATS_MENU","8","","#define MEDIT_STATS_MENU            8"
"src\oasis.h","288","MEDIT_STR","29","","#define MEDIT_STR                       29"
"src\oasis.h","303","MEDIT_STR_ADD","44","","#define MEDIT_STR_ADD                   44"
"src\oasis.h","300","MEDIT_WIMPY_THRESH","41","","#define MEDIT_WIMPY_THRESH              41"
"src\oasis.h","290","MEDIT_WIS","31","","#define MEDIT_WIS                       31"
"src\msgedit.h","29","MSGEDIT_CONFIRM_SAVE","2","","#define MSGEDIT_CONFIRM_SAVE  2"
"src\msgedit.h","31","MSGEDIT_DEATH_CHAR","4","","#define MSGEDIT_DEATH_CHAR    4"
"src\msgedit.h","33","MSGEDIT_DEATH_ROOM","6","","#define MSGEDIT_DEATH_ROOM    6"
"src\msgedit.h","32","MSGEDIT_DEATH_VICT","5","","#define MSGEDIT_DEATH_VICT    5"
"src\msgedit.h","40","MSGEDIT_GOD_CHAR","13","","#define MSGEDIT_GOD_CHAR      13"
"src\msgedit.h","42","MSGEDIT_GOD_ROOM","15","","#define MSGEDIT_GOD_ROOM      15"
"src\msgedit.h","41","MSGEDIT_GOD_VICT","14","","#define MSGEDIT_GOD_VICT      14"
"src\msgedit.h","37","MSGEDIT_HIT_CHAR","10","","#define MSGEDIT_HIT_CHAR      10"
"src\msgedit.h","39","MSGEDIT_HIT_ROOM","12","","#define MSGEDIT_HIT_ROOM      12"
"src\msgedit.h","38","MSGEDIT_HIT_VICT","11","","#define MSGEDIT_HIT_VICT      11"
"src\msgedit.h","28","MSGEDIT_MAIN_MENU","1","","#define MSGEDIT_MAIN_MENU     1"
"src\msgedit.h","34","MSGEDIT_MISS_CHAR","7","","#define MSGEDIT_MISS_CHAR     7"
"src\msgedit.h","36","MSGEDIT_MISS_ROOM","9","","#define MSGEDIT_MISS_ROOM     9"
"src\msgedit.h","35","MSGEDIT_MISS_VICT","8","","#define MSGEDIT_MISS_VICT     8"
"src\msgedit.h","30","MSGEDIT_TYPE","3","","#define MSGEDIT_TYPE          3"
"src\oasis.h","179","OEDIT_ACTDESC","5","","#define OEDIT_ACTDESC                	5"
"src\oasis.h","191","OEDIT_APPLY","17","","#define OEDIT_APPLY                 	17"
"src\oasis.h","192","OEDIT_APPLYMOD","18","","#define OEDIT_APPLYMOD              	18"
"src\oasis.h","194","OEDIT_CONFIRM_SAVEDB","20","","#define OEDIT_CONFIRM_SAVEDB        	20"
"src\oasis.h","195","OEDIT_CONFIRM_SAVESTRING","21","","#define OEDIT_CONFIRM_SAVESTRING    	21"
"src\oasis.h","202","OEDIT_COPY","28","","#define OEDIT_COPY                      28"
"src\oasis.h","184","OEDIT_COST","10","","#define OEDIT_COST                  	10"
"src\oasis.h","185","OEDIT_COSTPERDAY","11","","#define OEDIT_COSTPERDAY            	11"
"src\oasis.h","201","OEDIT_DELETE","27","","#define OEDIT_DELETE                    27"
"src\oasis.h","197","OEDIT_EXTRADESC_DESCRIPTION","23","","#define OEDIT_EXTRADESC_DESCRIPTION 	23"
"src\oasis.h","193","OEDIT_EXTRADESC_KEY","19","","#define OEDIT_EXTRADESC_KEY         	19"
"src\oasis.h","198","OEDIT_EXTRADESC_MENU","24","","#define OEDIT_EXTRADESC_MENU        	24"
"src\oasis.h","181","OEDIT_EXTRAS","7","","#define OEDIT_EXTRAS                 	7"
"src\oasis.h","176","OEDIT_KEYWORD","2","","#define OEDIT_KEYWORD            	2"
"src\oasis.h","199","OEDIT_LEVEL","25","","#define OEDIT_LEVEL                 	25"
"src\oasis.h","178","OEDIT_LONGDESC","4","","#define OEDIT_LONGDESC               	4"
"src\oasis.h","175","OEDIT_MAIN_MENU","1","","#define OEDIT_MAIN_MENU              	1"
"src\oasis.h","200","OEDIT_PERM","26","","#define OEDIT_PERM			26"
"src\oasis.h","196","OEDIT_PROMPT_APPLY","22","","#define OEDIT_PROMPT_APPLY          	22"
"src\oasis.h","204","OEDIT_REFERENCES","30","","#define OEDIT_REFERENCES                30"
"src\oasis.h","203","OEDIT_REGEN_MULT","29","","#define OEDIT_REGEN_MULT                29"
"src\oasis.h","177","OEDIT_SHORTDESC","3","","#define OEDIT_SHORTDESC              	3"
"src\oasis.h","186","OEDIT_TIMER","12","","#define OEDIT_TIMER                 	12"
"src\oasis.h","180","OEDIT_TYPE","6","","#define OEDIT_TYPE                   	6"
"src\oasis.h","187","OEDIT_VALUE_1","13","","#define OEDIT_VALUE_1               	13"
"src\oasis.h","188","OEDIT_VALUE_2","14","","#define OEDIT_VALUE_2               	14"
"src\oasis.h","189","OEDIT_VALUE_3","15","","#define OEDIT_VALUE_3               	15"
"src\oasis.h","190","OEDIT_VALUE_4","16","","#define OEDIT_VALUE_4               	16"
"src\oasis.h","182","OEDIT_WEAR","8","","#define OEDIT_WEAR                  	8"
"src\oasis.h","183","OEDIT_WEIGHT","9","","#define OEDIT_WEIGHT                	9"
"src\dg_olc.h","35","OLC_SCRIPT_EDIT","82766  /* arbitrary > highest possible room number */","","#define OLC_SCRIPT_EDIT		    82766  /* arbitrary > highest possible room number */"
"src\improved-edit.h","34","PARSE_EDIT","7","","#define PARSE_EDIT          7"
"src\prefedit.h","47","PREFEDIT_COLOR","1","","#define PREFEDIT_COLOR                    1"
"src\prefedit.h","51","PREFEDIT_CONFIRM_SAVE","5","","#define PREFEDIT_CONFIRM_SAVE             5"
"src\prefedit.h","25","PREFEDIT_GET_CHAR","(OLC_PREFS(d)->ch ? (OLC_PREFS(d)->ch) : (d->character))","","#define PREFEDIT_GET_CHAR        (OLC_PREFS(d)->ch ? (OLC_PREFS(d)->ch) : (d->character))"
"src\prefedit.h","28","PREFEDIT_GET_FLAGS","OLC_PREFS(d)->pref_flags","","#define PREFEDIT_GET_FLAGS       OLC_PREFS(d)->pref_flags"
"src\prefedit.c","826","PREFEDIT_GET_PAGELENGTH","enum/list symbol","prefedit_Restore_Defaults","PREFEDIT_GET_PAGELENGTH = 22;  /* Default telnet screen is 22 lines   */"
"src\prefedit.h","34","PREFEDIT_GET_PAGELENGTH","OLC_PREFS(d)->page_length","","#define PREFEDIT_GET_PAGELENGTH  OLC_PREFS(d)->page_length"
"src\prefedit.c","827","PREFEDIT_GET_SCREENWIDTH","enum/list symbol","prefedit_Restore_Defaults","PREFEDIT_GET_SCREENWIDTH = 80; /* Default telnet screen is 80 columns */"
"src\prefedit.h","37","PREFEDIT_GET_SCREENWIDTH","OLC_PREFS(d)->screen_width","","#define PREFEDIT_GET_SCREENWIDTH OLC_PREFS(d)->screen_width"
"src\prefedit.c","825","PREFEDIT_GET_WIMP_LEV","enum/list symbol","prefedit_Restore_Defaults","PREFEDIT_GET_WIMP_LEV   = 0;   /* Wimpy off by default */"
"src\prefedit.h","31","PREFEDIT_GET_WIMP_LEV","OLC_PREFS(d)->wimp_level","","#define PREFEDIT_GET_WIMP_LEV    OLC_PREFS(d)->wimp_level"
"src\prefedit.h","46","PREFEDIT_MAIN_MENU","0","","#define PREFEDIT_MAIN_MENU                0"
"src\prefedit.h","48","PREFEDIT_PAGELENGTH","2","","#define PREFEDIT_PAGELENGTH               2"
"src\prefedit.h","49","PREFEDIT_SCREENWIDTH","3","","#define PREFEDIT_SCREENWIDTH              3"
"src\prefedit.h","52","PREFEDIT_SYSLOG","6","","#define PREFEDIT_SYSLOG                   6"
"src\prefedit.h","53","PREFEDIT_TOGGLE_MENU","7","","#define PREFEDIT_TOGGLE_MENU              7"
"src\prefedit.h","50","PREFEDIT_WIMPY","4","","#define PREFEDIT_WIMPY                    4"
"src\quest.h","135","QEDIT_ABANDON","6","","#define QEDIT_ABANDON                   6"
"src\quest.h","134","QEDIT_COMPLETE","5","","#define QEDIT_COMPLETE                  5"
"src\quest.h","150","QEDIT_CONFIRM_DELETE","21","","#define QEDIT_CONFIRM_DELETE           21"
"src\quest.h","130","QEDIT_CONFIRM_SAVESTRING","1","","#define QEDIT_CONFIRM_SAVESTRING        1"
"src\quest.h","132","QEDIT_DESC","3","","#define QEDIT_DESC                      3"
"src\quest.h","152","QEDIT_EXP","23","","#define QEDIT_EXP                      23"
"src\quest.h","138","QEDIT_FLAGS","9","","#define QEDIT_FLAGS                     9"
"src\quest.h","151","QEDIT_GOLD","22","","#define QEDIT_GOLD                     22"
"src\quest.h","133","QEDIT_INFO","4","","#define QEDIT_INFO                      4"
"src\quest.h","144","QEDIT_LEVELMAX","15","","#define QEDIT_LEVELMAX                 15"
"src\quest.h","143","QEDIT_LEVELMIN","14","","#define QEDIT_LEVELMIN                 14"
"src\quest.h","129","QEDIT_MAIN_MENU","0","","#define QEDIT_MAIN_MENU                 0"
"src\quest.h","131","QEDIT_NAME","2","","#define QEDIT_NAME                      2"
"src\quest.h","148","QEDIT_NEXTQUEST","19","","#define QEDIT_NEXTQUEST                19"
"src\quest.h","153","QEDIT_OBJ","24","","#define QEDIT_OBJ                      24"
"src\quest.h","141","QEDIT_POINTSCOMP","12","","#define QEDIT_POINTSCOMP               12"
"src\quest.h","142","QEDIT_POINTSQUIT","13","","#define QEDIT_POINTSQUIT               13"
"src\quest.h","145","QEDIT_PREREQ","16","","#define QEDIT_PREREQ                   16"
"src\quest.h","149","QEDIT_PREVQUEST","20","","#define QEDIT_PREVQUEST                20"
"src\quest.h","140","QEDIT_QUANTITY","11","","#define QEDIT_QUANTITY                 11"
"src\quest.h","136","QEDIT_QUESTMASTER","7","","#define QEDIT_QUESTMASTER               7"
"src\quest.h","147","QEDIT_RETURNMOB","18","","#define QEDIT_RETURNMOB                18"
"src\quest.h","139","QEDIT_TARGET","10","","#define QEDIT_TARGET                   10"
"src\quest.h","146","QEDIT_TIMELIMIT","17","","#define QEDIT_TIMELIMIT                17"
"src\quest.h","137","QEDIT_TYPES","8","","#define QEDIT_TYPES                     8"
"src\oasis.h","213","REDIT_CONFIRM_SAVEDB","7","","#define REDIT_CONFIRM_SAVEDB 		7"
"src\oasis.h","214","REDIT_CONFIRM_SAVESTRING","8","","#define REDIT_CONFIRM_SAVESTRING 	8"
"src\oasis.h","224","REDIT_COPY","18","","#define REDIT_COPY			18"
"src\oasis.h","223","REDIT_DELETE","17","","#define REDIT_DELETE			17"
"src\oasis.h","209","REDIT_DESC","3","","#define REDIT_DESC 			3"
"src\oasis.h","216","REDIT_EXIT_DESCRIPTION","10","","#define REDIT_EXIT_DESCRIPTION 		10"
"src\oasis.h","219","REDIT_EXIT_DOORFLAGS","13","","#define REDIT_EXIT_DOORFLAGS 		13"
"src\oasis.h","218","REDIT_EXIT_KEY","12","","#define REDIT_EXIT_KEY 			12"
"src\oasis.h","217","REDIT_EXIT_KEYWORD","11","","#define REDIT_EXIT_KEYWORD 		11"
"src\oasis.h","212","REDIT_EXIT_MENU","6","","#define REDIT_EXIT_MENU 		6"
"src\oasis.h","215","REDIT_EXIT_NUMBER","9","","#define REDIT_EXIT_NUMBER 		9"
"src\oasis.h","222","REDIT_EXTRADESC_DESCRIPTION","16","","#define REDIT_EXTRADESC_DESCRIPTION 	16"
"src\oasis.h","221","REDIT_EXTRADESC_KEY","15","","#define REDIT_EXTRADESC_KEY 		15"
"src\oasis.h","220","REDIT_EXTRADESC_MENU","14","","#define REDIT_EXTRADESC_MENU 		14"
"src\oasis.h","210","REDIT_FLAGS","4","","#define REDIT_FLAGS 			4"
"src\oasis.h","207","REDIT_MAIN_MENU","1","","#define REDIT_MAIN_MENU 		1"
"src\oasis.h","208","REDIT_NAME","2","","#define REDIT_NAME 			2"
"src\oasis.h","229","REDIT_REFERENCES","23","","#define REDIT_REFERENCES               23"
"src\oasis.h","226","REDIT_RESETS_ADD_MOB","20","","#define REDIT_RESETS_ADD_MOB           20"
"src\oasis.h","227","REDIT_RESETS_ADD_OBJ","21","","#define REDIT_RESETS_ADD_OBJ           21"
"src\oasis.h","228","REDIT_RESETS_DELETE","22","","#define REDIT_RESETS_DELETE            22"
"src\oasis.h","225","REDIT_RESETS_MENU","19","","#define REDIT_RESETS_MENU              19"
"src\oasis.h","211","REDIT_SECTOR","5","","#define REDIT_SECTOR 			5"
"src\structs.h","92","ROOM_OLC","14   /**< (R) Modifyable/!compress */","","#define ROOM_OLC           14   /**< (R) Modifyable/!compress */"
"src\act.h","71","SCMD_CREDITS","2","","#define SCMD_CREDITS   2"
"src\oasis.h","333","SEDIT_BUY","7","","#define SEDIT_BUY			7"
"src\oasis.h","347","SEDIT_BUY_PROFIT","26","","#define SEDIT_BUY_PROFIT		26"
"src\oasis.h","344","SEDIT_CLOSE1","23","","#define SEDIT_CLOSE1			23"
"src\oasis.h","345","SEDIT_CLOSE2","24","","#define SEDIT_CLOSE2			24"
"src\oasis.h","327","SEDIT_CONFIRM_SAVESTRING","1","","#define SEDIT_CONFIRM_SAVESTRING	1"
"src\oasis.h","339","SEDIT_COPY","15","","#define SEDIT_COPY                      15"
"src\oasis.h","351","SEDIT_DELETE_PRODUCT","31","","#define SEDIT_DELETE_PRODUCT		31"
"src\oasis.h","353","SEDIT_DELETE_ROOM","33","","#define SEDIT_DELETE_ROOM		33"
"src\oasis.h","350","SEDIT_DELETE_TYPE","30","","#define SEDIT_DELETE_TYPE		30"
"src\oasis.h","346","SEDIT_KEEPER","25","","#define SEDIT_KEEPER			25"
"src\oasis.h","326","SEDIT_MAIN_MENU","0","","#define SEDIT_MAIN_MENU              	0"
"src\oasis.h","338","SEDIT_NAMELIST","14","","#define SEDIT_NAMELIST			14"
"src\oasis.h","337","SEDIT_NAMELIST_MENU","13","","#define SEDIT_NAMELIST_MENU		13"
"src\oasis.h","352","SEDIT_NEW_PRODUCT","32","","#define SEDIT_NEW_PRODUCT		32"
"src\oasis.h","354","SEDIT_NEW_ROOM","34","","#define SEDIT_NEW_ROOM			34"
"src\oasis.h","332","SEDIT_NOBUY","6","","#define SEDIT_NOBUY			6"
"src\oasis.h","330","SEDIT_NOCASH1","4","","#define SEDIT_NOCASH1			4"
"src\oasis.h","331","SEDIT_NOCASH2","5","","#define SEDIT_NOCASH2			5"
"src\oasis.h","328","SEDIT_NOITEM1","2","","#define SEDIT_NOITEM1			2"
"src\oasis.h","329","SEDIT_NOITEM2","3","","#define SEDIT_NOITEM2			3"
"src\oasis.h","356","SEDIT_NOTRADE","36","","#define SEDIT_NOTRADE			36"
"src\oasis.h","341","SEDIT_NUMERICAL_RESPONSE","20","","#define SEDIT_NUMERICAL_RESPONSE	20"
"src\oasis.h","342","SEDIT_OPEN1","21","","#define SEDIT_OPEN1			21"
"src\oasis.h","343","SEDIT_OPEN2","22","","#define SEDIT_OPEN2			22"
"src\oasis.h","335","SEDIT_PRODUCTS_MENU","11","","#define SEDIT_PRODUCTS_MENU		11"
"src\oasis.h","336","SEDIT_ROOMS_MENU","12","","#define SEDIT_ROOMS_MENU		12"
"src\oasis.h","334","SEDIT_SELL","8","","#define SEDIT_SELL			8"
"src\oasis.h","348","SEDIT_SELL_PROFIT","27","","#define SEDIT_SELL_PROFIT		27"
"src\oasis.h","355","SEDIT_SHOP_FLAGS","35","","#define SEDIT_SHOP_FLAGS		35"
"src\oasis.h","349","SEDIT_TYPE_MENU","29","","#define SEDIT_TYPE_MENU			29"
"src\dg_olc.h","30","TRIGEDIT_ARGUMENT","8","","#define TRIGEDIT_ARGUMENT		8"
"src\dg_olc.h","28","TRIGEDIT_COMMANDS","6","","#define TRIGEDIT_COMMANDS		6"
"src\dg_olc.h","24","TRIGEDIT_CONFIRM_SAVESTRING","2","","#define TRIGEDIT_CONFIRM_SAVESTRING	2"
"src\dg_olc.h","31","TRIGEDIT_COPY","9","","#define TRIGEDIT_COPY                   9"
"src\dg_olc.h","33","TRIGEDIT_HELP","11","","#define TRIGEDIT_HELP                   11"
"src\dg_olc.h","26","TRIGEDIT_INTENDED","4","","#define TRIGEDIT_INTENDED		4"
"src\dg_olc.h","22","TRIGEDIT_MAIN_MENU","0","","#define TRIGEDIT_MAIN_MENU              0"
"src\dg_olc.h","25","TRIGEDIT_NAME","3","","#define TRIGEDIT_NAME			3"
"src\dg_olc.h","29","TRIGEDIT_NARG","7","","#define TRIGEDIT_NARG			7"
"src\dg_olc.h","32","TRIGEDIT_REFERENCES","10","","#define TRIGEDIT_REFERENCES             10"
"src\dg_olc.h","23","TRIGEDIT_TRIGTYPE","1","","#define TRIGEDIT_TRIGTYPE               1"
"src\dg_olc.h","27","TRIGEDIT_TYPES","5","","#define TRIGEDIT_TYPES			5"
"src\improved-edit.h","18","using_improved_editor","CONFIG_IMPROVED_EDITOR","","#define using_improved_editor	CONFIG_IMPROVED_EDITOR"
"src\oasis.h","238","ZEDIT_ARG1","6","","#define ZEDIT_ARG1			6"
"src\oasis.h","239","ZEDIT_ARG2","7","","#define ZEDIT_ARG2			7"
"src\oasis.h","240","ZEDIT_ARG3","8","","#define ZEDIT_ARG3			8"
"src\oasis.h","235","ZEDIT_CHANGE_ENTRY","3","","#define ZEDIT_CHANGE_ENTRY		3"
"src\oasis.h","236","ZEDIT_COMMAND_TYPE","4","","#define ZEDIT_COMMAND_TYPE		4"
"src\oasis.h","246","ZEDIT_CONFIRM_SAVESTRING","14","","#define ZEDIT_CONFIRM_SAVESTRING	14"
"src\oasis.h","233","ZEDIT_DELETE_ENTRY","1","","#define ZEDIT_DELETE_ENTRY		1"
"src\oasis.h","237","ZEDIT_IF_FLAG","5","","#define ZEDIT_IF_FLAG			5"
"src\oasis.h","253","ZEDIT_LEV_MAX","25","","#define ZEDIT_LEV_MAX           25"
"src\oasis.h","252","ZEDIT_LEV_MIN","24","","#define ZEDIT_LEV_MIN           24"
"src\oasis.h","251","ZEDIT_LEVELS","23","","#define ZEDIT_LEVELS            23"
"src\oasis.h","232","ZEDIT_MAIN_MENU","0","","#define ZEDIT_MAIN_MENU              	0"
"src\oasis.h","234","ZEDIT_NEW_ENTRY","2","","#define ZEDIT_NEW_ENTRY			2"
"src\oasis.h","255","ZEDIT_REFERENCES","27","","#define ZEDIT_REFERENCES        27"
"src\oasis.h","248","ZEDIT_SARG1","20","","#define ZEDIT_SARG1             20"
"src\oasis.h","249","ZEDIT_SARG2","21","","#define ZEDIT_SARG2             21"
"src\oasis.h","243","ZEDIT_ZONE_BOT","11","","#define ZEDIT_ZONE_BOT			11"
"src\oasis.h","247","ZEDIT_ZONE_BUILDERS","15","","#define ZEDIT_ZONE_BUILDERS		15"
"src\oasis.h","254","ZEDIT_ZONE_CLAIM","26","","#define ZEDIT_ZONE_CLAIM        26"
"src\oasis.h","250","ZEDIT_ZONE_FLAGS","22","","#define ZEDIT_ZONE_FLAGS        22"
"src\oasis.h","242","ZEDIT_ZONE_LIFE","10","","#define ZEDIT_ZONE_LIFE			10"
"src\oasis.h","241","ZEDIT_ZONE_NAME","9","","#define ZEDIT_ZONE_NAME			9"
"src\oasis.h","245","ZEDIT_ZONE_RESET","13","","#define ZEDIT_ZONE_RESET		13"
"src\oasis.h","244","ZEDIT_ZONE_TOP","12","","#define ZEDIT_ZONE_TOP			12"
