"File","Line","Function","MenuText","SourceOutput"
"src\act.clan.c","356","clanedit_pvp_menu","0) No PvP / No PK","\r\nClan PvP / PK Type\r\n0) No PvP / No PK\r\n1) Always PvP / PK always on\r\n2) Toggle PvP / PK (players opt in)\r\n\r\nEnter choice (0-2): "
"src\act.clan.c","356","clanedit_pvp_menu","1) Always PvP / PK always on","\r\nClan PvP / PK Type\r\n0) No PvP / No PK\r\n1) Always PvP / PK always on\r\n2) Toggle PvP / PK (players opt in)\r\n\r\nEnter choice (0-2): "
"src\act.clan.c","356","clanedit_pvp_menu","2) Toggle PvP / PK (players opt in)","\r\nClan PvP / PK Type\r\n0) No PvP / No PK\r\n1) Always PvP / PK always on\r\n2) Toggle PvP / PK (players opt in)\r\n\r\nEnter choice (0-2): "
"src\act.clan.c","375","clanedit_menu","1) Name","\r\nClan Editor\r\nClan: [%d] %s\r\nPlain: %s\r\nPvP/PK Type: %s\r\n\r\n1) Name\r\n2) Display Name\r\n3) Tag\r\n4) PvP / PK Type\r\nQ) Quit\r\n\r\nEnter choice: "
"src\act.clan.c","375","clanedit_menu","2) Display Name","\r\nClan Editor\r\nClan: [%d] %s\r\nPlain: %s\r\nPvP/PK Type: %s\r\n\r\n1) Name\r\n2) Display Name\r\n3) Tag\r\n4) PvP / PK Type\r\nQ) Quit\r\n\r\nEnter choice: "
"src\act.clan.c","375","clanedit_menu","3) Tag","\r\nClan Editor\r\nClan: [%d] %s\r\nPlain: %s\r\nPvP/PK Type: %s\r\n\r\n1) Name\r\n2) Display Name\r\n3) Tag\r\n4) PvP / PK Type\r\nQ) Quit\r\n\r\nEnter choice: "
"src\act.clan.c","375","clanedit_menu","4) PvP / PK Type","\r\nClan Editor\r\nClan: [%d] %s\r\nPlain: %s\r\nPvP/PK Type: %s\r\n\r\n1) Name\r\n2) Display Name\r\n3) Tag\r\n4) PvP / PK Type\r\nQ) Quit\r\n\r\nEnter choice: "
"src\act.clan.c","375","clanedit_menu","Q) Quit","\r\nClan Editor\r\nClan: [%d] %s\r\nPlain: %s\r\nPvP/PK Type: %s\r\n\r\n1) Name\r\n2) Display Name\r\n3) Tag\r\n4) PvP / PK Type\r\nQ) Quit\r\n\r\nEnter choice: "
"src\act.informative.c","5272","get_zone_levels","c	nAll Levels","	n(%3d) %s%-*s	n %s%s	n\r\n	c	nAll Levels"
"src\act.item.c","1301","name_to_drinkcon","A most unproductive effort.","A most unproductive effort.\r\n"
"src\act.movement.c","618","do_simple_move","A mysterious barrier forces you back! That area is off-limits.","A mysterious barrier forces you back! That area is off-limits.\r\n"
"src\act.movement.c","622","do_simple_move","A mysterious barrier forces you back! That area is off-limits.","A mysterious barrier forces you back! That area is off-limits.\r\n"
"src\act.movement.c","870","find_door","I see no %s there.","I see no %s there.\r\n"
"src\act.movement.c","876","find_door","I really don't see how you can %s anything there.","I really don't see how you can %s anything there.\r\n"
"src\act.movement.c","1227","ok_pick","I see no obvious exits to the outside.","I see no obvious exits to the outside.\r\n"
"src\act.other.c","595","show_ability_filter_help","A bright flash prevents your recall from working!","A bright flash prevents your recall from working!"
"src\act.other.c","1527","study_apply_cooldown","A practice session costs %d Glory. You currently have %d Glory.","A practice session costs %d Glory. You currently have %d Glory.\r\n"
"src\act.other.c","1745","study_apply_cooldown","A training session costs %d Glory. You currently have %d Glory.","A training session costs %d Glory. You currently have %d Glory.\r\n"
"src\act.wizard.c","457","find_target_room","I think not.","I think not.\r\n"
"src\act.wizard.c","3327","list_llog_entries","A bitter wind suddenly rises and drains every erg of heat from your body!","A bitter wind suddenly rises and drains every erg of heat from your body!\r\nYou feel frozen!\r\n"
"src\act.wizard.c","3344","list_llog_entries","A fireball suddenly explodes in front of you, melting the ice!","A fireball suddenly explodes in front of you, melting the ice!\r\nYou feel thawed.\r\n"
"src\act.wizard.c","3548","print_zone_to_buf","A name would help.","A name would help.\r\n"
"src\act.wizard.c","3582","print_zone_to_buf","A name would help.","A name would help.\r\n"
"src\act.wizard.c","6623","mobtemplate_range_is_clear","a template %s %d","a template %s %d"
"src\act.wizard.c","6624","mobtemplate_range_is_clear","A template %s %d stands here awaiting builder customization.","A template %s %d stands here awaiting builder customization.\r\n"
"src\act.wizard.c","7400","objtemplate_range_is_clear","a template %s %d","a template %s %d"
"src\act.wizard.c","7401","objtemplate_range_is_clear","A template %s %d is here awaiting builder customization.","A template %s %d is here awaiting builder customization.\r\n"
"src\aedit.c","771","aedit_parse","2) Min Position[CH]: %s%-8.8s%s        3) Min Position[VT]: %s%-8.8s%s","n) Command         : %s%-15.15s%s 1) Sort as Command : %s%-15.15s%s\r\n2) Min Position[CH]: %s%-8.8s%s        3) Min Position[VT]: %s%-8.8s%s\r\n4) Min Level   [CH]: %s%-3d%s             5) Show if Invis   : %s%s%s\r\na) Char    [NO ARG]: %s%s%s\r\nb) Others  [NO ARG]: %s%s%s\r\nc) Char [NOT FOUND]: %s%s%s\r\nd) Char  [ARG SELF]: %s%s%s\r\ne) Others[ARG SELF]: %s%s%s\r\nf) Char      [VICT]: %s%s%s\r\ng) Others    [VICT]: %s%s%s\r\nh) Victim    [VICT]: %s%s%s\r\ni) Char  [BODY PRT]: %s%s%s\r\nj) Others[BODY PRT]: %s%s%s\r\nk) Victim[BODY PRT]: %s%s%s\r\nl) Char       [OBJ]: %s%s%s\r\nm) Others     [OBJ]: %s%s%s\r\nHIDDENNOT HIDDEN"
"src\aedit.c","771","aedit_parse","4) Min Level   [CH]: %s%-3d%s             5) Show if Invis   : %s%s%s","n) Command         : %s%-15.15s%s 1) Sort as Command : %s%-15.15s%s\r\n2) Min Position[CH]: %s%-8.8s%s        3) Min Position[VT]: %s%-8.8s%s\r\n4) Min Level   [CH]: %s%-3d%s             5) Show if Invis   : %s%s%s\r\na) Char    [NO ARG]: %s%s%s\r\nb) Others  [NO ARG]: %s%s%s\r\nc) Char [NOT FOUND]: %s%s%s\r\nd) Char  [ARG SELF]: %s%s%s\r\ne) Others[ARG SELF]: %s%s%s\r\nf) Char      [VICT]: %s%s%s\r\ng) Others    [VICT]: %s%s%s\r\nh) Victim    [VICT]: %s%s%s\r\ni) Char  [BODY PRT]: %s%s%s\r\nj) Others[BODY PRT]: %s%s%s\r\nk) Victim[BODY PRT]: %s%s%s\r\nl) Char       [OBJ]: %s%s%s\r\nm) Others     [OBJ]: %s%s%s\r\nHIDDENNOT HIDDEN"
"src\aedit.c","771","aedit_parse","a) Char    [NO ARG]: %s%s%s","n) Command         : %s%-15.15s%s 1) Sort as Command : %s%-15.15s%s\r\n2) Min Position[CH]: %s%-8.8s%s        3) Min Position[VT]: %s%-8.8s%s\r\n4) Min Level   [CH]: %s%-3d%s             5) Show if Invis   : %s%s%s\r\na) Char    [NO ARG]: %s%s%s\r\nb) Others  [NO ARG]: %s%s%s\r\nc) Char [NOT FOUND]: %s%s%s\r\nd) Char  [ARG SELF]: %s%s%s\r\ne) Others[ARG SELF]: %s%s%s\r\nf) Char      [VICT]: %s%s%s\r\ng) Others    [VICT]: %s%s%s\r\nh) Victim    [VICT]: %s%s%s\r\ni) Char  [BODY PRT]: %s%s%s\r\nj) Others[BODY PRT]: %s%s%s\r\nk) Victim[BODY PRT]: %s%s%s\r\nl) Char       [OBJ]: %s%s%s\r\nm) Others     [OBJ]: %s%s%s\r\nHIDDENNOT HIDDEN"
"src\aedit.c","771","aedit_parse","b) Others  [NO ARG]: %s%s%s","n) Command         : %s%-15.15s%s 1) Sort as Command : %s%-15.15s%s\r\n2) Min Position[CH]: %s%-8.8s%s        3) Min Position[VT]: %s%-8.8s%s\r\n4) Min Level   [CH]: %s%-3d%s             5) Show if Invis   : %s%s%s\r\na) Char    [NO ARG]: %s%s%s\r\nb) Others  [NO ARG]: %s%s%s\r\nc) Char [NOT FOUND]: %s%s%s\r\nd) Char  [ARG SELF]: %s%s%s\r\ne) Others[ARG SELF]: %s%s%s\r\nf) Char      [VICT]: %s%s%s\r\ng) Others    [VICT]: %s%s%s\r\nh) Victim    [VICT]: %s%s%s\r\ni) Char  [BODY PRT]: %s%s%s\r\nj) Others[BODY PRT]: %s%s%s\r\nk) Victim[BODY PRT]: %s%s%s\r\nl) Char       [OBJ]: %s%s%s\r\nm) Others     [OBJ]: %s%s%s\r\nHIDDENNOT HIDDEN"
"src\aedit.c","771","aedit_parse","c) Char [NOT FOUND]: %s%s%s","n) Command         : %s%-15.15s%s 1) Sort as Command : %s%-15.15s%s\r\n2) Min Position[CH]: %s%-8.8s%s        3) Min Position[VT]: %s%-8.8s%s\r\n4) Min Level   [CH]: %s%-3d%s             5) Show if Invis   : %s%s%s\r\na) Char    [NO ARG]: %s%s%s\r\nb) Others  [NO ARG]: %s%s%s\r\nc) Char [NOT FOUND]: %s%s%s\r\nd) Char  [ARG SELF]: %s%s%s\r\ne) Others[ARG SELF]: %s%s%s\r\nf) Char      [VICT]: %s%s%s\r\ng) Others    [VICT]: %s%s%s\r\nh) Victim    [VICT]: %s%s%s\r\ni) Char  [BODY PRT]: %s%s%s\r\nj) Others[BODY PRT]: %s%s%s\r\nk) Victim[BODY PRT]: %s%s%s\r\nl) Char       [OBJ]: %s%s%s\r\nm) Others     [OBJ]: %s%s%s\r\nHIDDENNOT HIDDEN"
"src\aedit.c","771","aedit_parse","d) Char  [ARG SELF]: %s%s%s","n) Command         : %s%-15.15s%s 1) Sort as Command : %s%-15.15s%s\r\n2) Min Position[CH]: %s%-8.8s%s        3) Min Position[VT]: %s%-8.8s%s\r\n4) Min Level   [CH]: %s%-3d%s             5) Show if Invis   : %s%s%s\r\na) Char    [NO ARG]: %s%s%s\r\nb) Others  [NO ARG]: %s%s%s\r\nc) Char [NOT FOUND]: %s%s%s\r\nd) Char  [ARG SELF]: %s%s%s\r\ne) Others[ARG SELF]: %s%s%s\r\nf) Char      [VICT]: %s%s%s\r\ng) Others    [VICT]: %s%s%s\r\nh) Victim    [VICT]: %s%s%s\r\ni) Char  [BODY PRT]: %s%s%s\r\nj) Others[BODY PRT]: %s%s%s\r\nk) Victim[BODY PRT]: %s%s%s\r\nl) Char       [OBJ]: %s%s%s\r\nm) Others     [OBJ]: %s%s%s\r\nHIDDENNOT HIDDEN"
"src\aedit.c","771","aedit_parse","e) Others[ARG SELF]: %s%s%s","n) Command         : %s%-15.15s%s 1) Sort as Command : %s%-15.15s%s\r\n2) Min Position[CH]: %s%-8.8s%s        3) Min Position[VT]: %s%-8.8s%s\r\n4) Min Level   [CH]: %s%-3d%s             5) Show if Invis   : %s%s%s\r\na) Char    [NO ARG]: %s%s%s\r\nb) Others  [NO ARG]: %s%s%s\r\nc) Char [NOT FOUND]: %s%s%s\r\nd) Char  [ARG SELF]: %s%s%s\r\ne) Others[ARG SELF]: %s%s%s\r\nf) Char      [VICT]: %s%s%s\r\ng) Others    [VICT]: %s%s%s\r\nh) Victim    [VICT]: %s%s%s\r\ni) Char  [BODY PRT]: %s%s%s\r\nj) Others[BODY PRT]: %s%s%s\r\nk) Victim[BODY PRT]: %s%s%s\r\nl) Char       [OBJ]: %s%s%s\r\nm) Others     [OBJ]: %s%s%s\r\nHIDDENNOT HIDDEN"
"src\aedit.c","771","aedit_parse","f) Char      [VICT]: %s%s%s","n) Command         : %s%-15.15s%s 1) Sort as Command : %s%-15.15s%s\r\n2) Min Position[CH]: %s%-8.8s%s        3) Min Position[VT]: %s%-8.8s%s\r\n4) Min Level   [CH]: %s%-3d%s             5) Show if Invis   : %s%s%s\r\na) Char    [NO ARG]: %s%s%s\r\nb) Others  [NO ARG]: %s%s%s\r\nc) Char [NOT FOUND]: %s%s%s\r\nd) Char  [ARG SELF]: %s%s%s\r\ne) Others[ARG SELF]: %s%s%s\r\nf) Char      [VICT]: %s%s%s\r\ng) Others    [VICT]: %s%s%s\r\nh) Victim    [VICT]: %s%s%s\r\ni) Char  [BODY PRT]: %s%s%s\r\nj) Others[BODY PRT]: %s%s%s\r\nk) Victim[BODY PRT]: %s%s%s\r\nl) Char       [OBJ]: %s%s%s\r\nm) Others     [OBJ]: %s%s%s\r\nHIDDENNOT HIDDEN"
"src\aedit.c","771","aedit_parse","g) Others    [VICT]: %s%s%s","n) Command         : %s%-15.15s%s 1) Sort as Command : %s%-15.15s%s\r\n2) Min Position[CH]: %s%-8.8s%s        3) Min Position[VT]: %s%-8.8s%s\r\n4) Min Level   [CH]: %s%-3d%s             5) Show if Invis   : %s%s%s\r\na) Char    [NO ARG]: %s%s%s\r\nb) Others  [NO ARG]: %s%s%s\r\nc) Char [NOT FOUND]: %s%s%s\r\nd) Char  [ARG SELF]: %s%s%s\r\ne) Others[ARG SELF]: %s%s%s\r\nf) Char      [VICT]: %s%s%s\r\ng) Others    [VICT]: %s%s%s\r\nh) Victim    [VICT]: %s%s%s\r\ni) Char  [BODY PRT]: %s%s%s\r\nj) Others[BODY PRT]: %s%s%s\r\nk) Victim[BODY PRT]: %s%s%s\r\nl) Char       [OBJ]: %s%s%s\r\nm) Others     [OBJ]: %s%s%s\r\nHIDDENNOT HIDDEN"
"src\aedit.c","771","aedit_parse","h) Victim    [VICT]: %s%s%s","n) Command         : %s%-15.15s%s 1) Sort as Command : %s%-15.15s%s\r\n2) Min Position[CH]: %s%-8.8s%s        3) Min Position[VT]: %s%-8.8s%s\r\n4) Min Level   [CH]: %s%-3d%s             5) Show if Invis   : %s%s%s\r\na) Char    [NO ARG]: %s%s%s\r\nb) Others  [NO ARG]: %s%s%s\r\nc) Char [NOT FOUND]: %s%s%s\r\nd) Char  [ARG SELF]: %s%s%s\r\ne) Others[ARG SELF]: %s%s%s\r\nf) Char      [VICT]: %s%s%s\r\ng) Others    [VICT]: %s%s%s\r\nh) Victim    [VICT]: %s%s%s\r\ni) Char  [BODY PRT]: %s%s%s\r\nj) Others[BODY PRT]: %s%s%s\r\nk) Victim[BODY PRT]: %s%s%s\r\nl) Char       [OBJ]: %s%s%s\r\nm) Others     [OBJ]: %s%s%s\r\nHIDDENNOT HIDDEN"
"src\aedit.c","771","aedit_parse","i) Char  [BODY PRT]: %s%s%s","n) Command         : %s%-15.15s%s 1) Sort as Command : %s%-15.15s%s\r\n2) Min Position[CH]: %s%-8.8s%s        3) Min Position[VT]: %s%-8.8s%s\r\n4) Min Level   [CH]: %s%-3d%s             5) Show if Invis   : %s%s%s\r\na) Char    [NO ARG]: %s%s%s\r\nb) Others  [NO ARG]: %s%s%s\r\nc) Char [NOT FOUND]: %s%s%s\r\nd) Char  [ARG SELF]: %s%s%s\r\ne) Others[ARG SELF]: %s%s%s\r\nf) Char      [VICT]: %s%s%s\r\ng) Others    [VICT]: %s%s%s\r\nh) Victim    [VICT]: %s%s%s\r\ni) Char  [BODY PRT]: %s%s%s\r\nj) Others[BODY PRT]: %s%s%s\r\nk) Victim[BODY PRT]: %s%s%s\r\nl) Char       [OBJ]: %s%s%s\r\nm) Others     [OBJ]: %s%s%s\r\nHIDDENNOT HIDDEN"
"src\aedit.c","771","aedit_parse","j) Others[BODY PRT]: %s%s%s","n) Command         : %s%-15.15s%s 1) Sort as Command : %s%-15.15s%s\r\n2) Min Position[CH]: %s%-8.8s%s        3) Min Position[VT]: %s%-8.8s%s\r\n4) Min Level   [CH]: %s%-3d%s             5) Show if Invis   : %s%s%s\r\na) Char    [NO ARG]: %s%s%s\r\nb) Others  [NO ARG]: %s%s%s\r\nc) Char [NOT FOUND]: %s%s%s\r\nd) Char  [ARG SELF]: %s%s%s\r\ne) Others[ARG SELF]: %s%s%s\r\nf) Char      [VICT]: %s%s%s\r\ng) Others    [VICT]: %s%s%s\r\nh) Victim    [VICT]: %s%s%s\r\ni) Char  [BODY PRT]: %s%s%s\r\nj) Others[BODY PRT]: %s%s%s\r\nk) Victim[BODY PRT]: %s%s%s\r\nl) Char       [OBJ]: %s%s%s\r\nm) Others     [OBJ]: %s%s%s\r\nHIDDENNOT HIDDEN"
"src\aedit.c","771","aedit_parse","k) Victim[BODY PRT]: %s%s%s","n) Command         : %s%-15.15s%s 1) Sort as Command : %s%-15.15s%s\r\n2) Min Position[CH]: %s%-8.8s%s        3) Min Position[VT]: %s%-8.8s%s\r\n4) Min Level   [CH]: %s%-3d%s             5) Show if Invis   : %s%s%s\r\na) Char    [NO ARG]: %s%s%s\r\nb) Others  [NO ARG]: %s%s%s\r\nc) Char [NOT FOUND]: %s%s%s\r\nd) Char  [ARG SELF]: %s%s%s\r\ne) Others[ARG SELF]: %s%s%s\r\nf) Char      [VICT]: %s%s%s\r\ng) Others    [VICT]: %s%s%s\r\nh) Victim    [VICT]: %s%s%s\r\ni) Char  [BODY PRT]: %s%s%s\r\nj) Others[BODY PRT]: %s%s%s\r\nk) Victim[BODY PRT]: %s%s%s\r\nl) Char       [OBJ]: %s%s%s\r\nm) Others     [OBJ]: %s%s%s\r\nHIDDENNOT HIDDEN"
"src\aedit.c","771","aedit_parse","l) Char       [OBJ]: %s%s%s","n) Command         : %s%-15.15s%s 1) Sort as Command : %s%-15.15s%s\r\n2) Min Position[CH]: %s%-8.8s%s        3) Min Position[VT]: %s%-8.8s%s\r\n4) Min Level   [CH]: %s%-3d%s             5) Show if Invis   : %s%s%s\r\na) Char    [NO ARG]: %s%s%s\r\nb) Others  [NO ARG]: %s%s%s\r\nc) Char [NOT FOUND]: %s%s%s\r\nd) Char  [ARG SELF]: %s%s%s\r\ne) Others[ARG SELF]: %s%s%s\r\nf) Char      [VICT]: %s%s%s\r\ng) Others    [VICT]: %s%s%s\r\nh) Victim    [VICT]: %s%s%s\r\ni) Char  [BODY PRT]: %s%s%s\r\nj) Others[BODY PRT]: %s%s%s\r\nk) Victim[BODY PRT]: %s%s%s\r\nl) Char       [OBJ]: %s%s%s\r\nm) Others     [OBJ]: %s%s%s\r\nHIDDENNOT HIDDEN"
"src\aedit.c","771","aedit_parse","m) Others     [OBJ]: %s%s%s","n) Command         : %s%-15.15s%s 1) Sort as Command : %s%-15.15s%s\r\n2) Min Position[CH]: %s%-8.8s%s        3) Min Position[VT]: %s%-8.8s%s\r\n4) Min Level   [CH]: %s%-3d%s             5) Show if Invis   : %s%s%s\r\na) Char    [NO ARG]: %s%s%s\r\nb) Others  [NO ARG]: %s%s%s\r\nc) Char [NOT FOUND]: %s%s%s\r\nd) Char  [ARG SELF]: %s%s%s\r\ne) Others[ARG SELF]: %s%s%s\r\nf) Char      [VICT]: %s%s%s\r\ng) Others    [VICT]: %s%s%s\r\nh) Victim    [VICT]: %s%s%s\r\ni) Char  [BODY PRT]: %s%s%s\r\nj) Others[BODY PRT]: %s%s%s\r\nk) Victim[BODY PRT]: %s%s%s\r\nl) Char       [OBJ]: %s%s%s\r\nm) Others     [OBJ]: %s%s%s\r\nHIDDENNOT HIDDEN"
"src\aedit.c","771","aedit_parse","n) Command         : %s%-15.15s%s 1) Sort as Command : %s%-15.15s%s","n) Command         : %s%-15.15s%s 1) Sort as Command : %s%-15.15s%s\r\n2) Min Position[CH]: %s%-8.8s%s        3) Min Position[VT]: %s%-8.8s%s\r\n4) Min Level   [CH]: %s%-3d%s             5) Show if Invis   : %s%s%s\r\na) Char    [NO ARG]: %s%s%s\r\nb) Others  [NO ARG]: %s%s%s\r\nc) Char [NOT FOUND]: %s%s%s\r\nd) Char  [ARG SELF]: %s%s%s\r\ne) Others[ARG SELF]: %s%s%s\r\nf) Char      [VICT]: %s%s%s\r\ng) Others    [VICT]: %s%s%s\r\nh) Victim    [VICT]: %s%s%s\r\ni) Char  [BODY PRT]: %s%s%s\r\nj) Others[BODY PRT]: %s%s%s\r\nk) Victim[BODY PRT]: %s%s%s\r\nl) Char       [OBJ]: %s%s%s\r\nm) Others     [OBJ]: %s%s%s\r\nHIDDENNOT HIDDEN"
"src\cedit.c","1006","cedit_parse","1) Disable maps","1) Disable maps\r\n"
"src\cedit.c","1007","cedit_parse","2) Enable Maps","2) Enable Maps\r\n"
"src\cedit.c","1008","cedit_parse","3) Maps for Immortals only","3) Maps for Immortals only\r\n"
"src\dg_olc.c","135","script_save_to_disk","T %d","T %d\n"
"src\dg_olc.c","541","trigedit_parse","0: Mobiles, 1: Objects, 2: Rooms:","0: Mobiles, 1: Objects, 2: Rooms: "
"src\dg_olc.c","1043","dg_trigger_action_menu","1) Inspect Trigger","Attached Trigger\r\n----------------\r\n\r\nAttachment slot : %d\r\nTrigger VNUM    : %d\r\nName            : %s\r\nType            : %s\r\nAttach Type     : %s\r\nNumeric Argument: %d\r\nArgument        : %s\r\n\r\nBehavior metadata:\r\n  %s\r\n\r\n1) Inspect Trigger\r\n2) Edit Trigger Prototype\r\n3) Detach From This %s\r\nQ) Return\r\n\r\nChoice: <missing trigger prototype>MobileObjectRoomUnknown<none>Picks up non-fountain room objects costing 15 gold or less.Unknown / arbitrary DG Script (no authored metadata)."
"src\dg_olc.c","1043","dg_trigger_action_menu","2) Edit Trigger Prototype","Attached Trigger\r\n----------------\r\n\r\nAttachment slot : %d\r\nTrigger VNUM    : %d\r\nName            : %s\r\nType            : %s\r\nAttach Type     : %s\r\nNumeric Argument: %d\r\nArgument        : %s\r\n\r\nBehavior metadata:\r\n  %s\r\n\r\n1) Inspect Trigger\r\n2) Edit Trigger Prototype\r\n3) Detach From This %s\r\nQ) Return\r\n\r\nChoice: <missing trigger prototype>MobileObjectRoomUnknown<none>Picks up non-fountain room objects costing 15 gold or less.Unknown / arbitrary DG Script (no authored metadata)."
"src\dg_olc.c","1043","dg_trigger_action_menu","3) Detach From This %s","Attached Trigger\r\n----------------\r\n\r\nAttachment slot : %d\r\nTrigger VNUM    : %d\r\nName            : %s\r\nType            : %s\r\nAttach Type     : %s\r\nNumeric Argument: %d\r\nArgument        : %s\r\n\r\nBehavior metadata:\r\n  %s\r\n\r\n1) Inspect Trigger\r\n2) Edit Trigger Prototype\r\n3) Detach From This %s\r\nQ) Return\r\n\r\nChoice: <missing trigger prototype>MobileObjectRoomUnknown<none>Picks up non-fountain room objects costing 15 gold or less.Unknown / arbitrary DG Script (no authored metadata)."
"src\dg_olc.c","1043","dg_trigger_action_menu","Q) Return","Attached Trigger\r\n----------------\r\n\r\nAttachment slot : %d\r\nTrigger VNUM    : %d\r\nName            : %s\r\nType            : %s\r\nAttach Type     : %s\r\nNumeric Argument: %d\r\nArgument        : %s\r\n\r\nBehavior metadata:\r\n  %s\r\n\r\n1) Inspect Trigger\r\n2) Edit Trigger Prototype\r\n3) Detach From This %s\r\nQ) Return\r\n\r\nChoice: <missing trigger prototype>MobileObjectRoomUnknown<none>Picks up non-fountain room objects costing 15 gold or less.Unknown / arbitrary DG Script (no authored metadata)."
"src\dg_olc.c","1102","dg_trigger_inspect","Q) Return to selected trigger","\r\nQ) Return to selected trigger\r\nChoice: "
"src\dg_olc.c","1230","dg_script_edit_parse","Q) Return to Script Editor:","\r\nTrigger prototypes are edited separately.\r\nSelect an attachment to learn its VNUM, save or discard this parent, then enter:\r\n  trigedit <vnum>\r\n\r\nQ) Return to Script Editor: "
"src\dg_olc.c","1236","dg_script_edit_parse","Q) Return to Script Editor:","\r\nReferences are available through the separate builder reference tools.\r\nNo potentially expensive world scan is run from this menu.\r\n\r\nQ) Return to Script Editor: "
"src\dg_olc.c","1242","dg_script_edit_parse","D removes one attachment by its numbered position; it does not delete the trigger.","\r\nScript attachment help\r\n----------------------\r\nN attaches an existing Mobile/Object/Room trigger to the matching parent.\r\nEnter position, vnum (for example: 1, 200); attachment order is preserved.\r\nD removes one attachment by its numbered position; it does not delete the trigger.\r\nX returns to the parent editor. Attachments become permanent only when it is saved.\r\nAttaching a trigger does not edit its prototype. MEDIT accepts only Mobile triggers.\r\n\r\n"
"src\dg_olc.c","1242","dg_script_edit_parse","N attaches an existing Mobile/Object/Room trigger to the matching parent.","\r\nScript attachment help\r\n----------------------\r\nN attaches an existing Mobile/Object/Room trigger to the matching parent.\r\nEnter position, vnum (for example: 1, 200); attachment order is preserved.\r\nD removes one attachment by its numbered position; it does not delete the trigger.\r\nX returns to the parent editor. Attachments become permanent only when it is saved.\r\nAttaching a trigger does not edit its prototype. MEDIT accepts only Mobile triggers.\r\n\r\n"
"src\dg_olc.c","1242","dg_script_edit_parse","X returns to the parent editor. Attachments become permanent only when it is saved.","\r\nScript attachment help\r\n----------------------\r\nN attaches an existing Mobile/Object/Room trigger to the matching parent.\r\nEnter position, vnum (for example: 1, 200); attachment order is preserved.\r\nD removes one attachment by its numbered position; it does not delete the trigger.\r\nX returns to the parent editor. Attachments become permanent only when it is saved.\r\nAttaching a trigger does not edit its prototype. MEDIT accepts only Mobile triggers.\r\n\r\n"
"src\dg_olc.c","1248","dg_script_edit_parse","Q) Return to Script Editor:","Q) Return to Script Editor: "
"src\dg_olc.c","1293","dg_script_edit_parse","Q) Return to selected trigger","\r\nEdit Trigger Prototype\r\n----------------------\r\n\r\nTrigger %d is edited by the authoritative trigger editor.\r\n\r\nNested Oasis OLC is not safe because all editors share one descriptor OLC structure.\r\nReturn to and save or discard this parent editor, then enter:\r\n  trigedit %d\r\n\r\nThe trigedit command will enforce builder level, zone ownership, descriptor state,\r\nand concurrent-editor checks. No parent attachment has been changed.\r\n\r\nQ) Return to selected trigger\r\nChoice: "
"src\fight.c","1986","damage","A death ward flares and saves you from a killing blow!","A death ward flares and saves you from a killing blow!\r\n"
"src\genolc.c","427","export_info_file","1. All the files have been QQ'ed. This means all occurences of the zone number","1. All the files have been QQ'ed. This means all occurences of the zone number\n"
"src\genolc.c","432","export_info_file","2. Exits out of this zone have been ZZ'd. So all doors leading out have ZZ??","2. Exits out of this zone have been ZZ'd. So all doors leading out have ZZ??\n"
"src\genolc.c","459","export_info_file","2. This area doesn't have any exits _out_ of the zone.","2. This area doesn't have any exits _out_ of the zone.\n"
"src\genolc.c","684","export_save_zone","M %d QQ%02d %d QQ%02d 	(%s)","M %d QQ%02d %d QQ%02d 	(%s)\n"
"src\genolc.c","692","export_save_zone","O %d QQ%02d %d QQ%02d 	(%s)","O %d QQ%02d %d QQ%02d 	(%s)\n"
"src\genolc.c","700","export_save_zone","G %d QQ%02d %d -1 	(%s)","G %d QQ%02d %d -1 	(%s)\n"
"src\genolc.c","707","export_save_zone","E %d QQ%02d %d %d 	(%s)","E %d QQ%02d %d %d 	(%s)\n"
"src\genolc.c","715","export_save_zone","P %d QQ%02d %d QQ%02d 	(%s)","P %d QQ%02d %d QQ%02d 	(%s)\n"
"src\genolc.c","723","export_save_zone","D %d QQ%02d %d %d 	(%s)","D %d QQ%02d %d %d 	(%s)\n"
"src\genolc.c","731","export_save_zone","R %d QQ%02d QQ%02d -1 	(%s)","R %d QQ%02d QQ%02d -1 	(%s)\n"
"src\genolc.c","738","export_save_zone","T %d %d QQ%02d QQ%02d 	(%s)","T %d %d QQ%02d QQ%02d 	(%s)\n"
"src\genolc.c","746","export_save_zone","V %d %d %d QQ%02d %s %s","V %d %d %d QQ%02d %s %s\n"
"src\genolc.c","1012","export_script_save_to_disk","T QQ%02d","T QQ%02d\n"
"src\handler.c","1384","get_obj_pos_in_equip_vis","a gold coin","a gold coin"
"src\handler.c","1386","get_obj_pos_in_equip_vis","a pile of gold coins","a pile of gold coins"
"src\handler.c","1429","get_obj_pos_in_equip_vis","a %s coin","a %s coin"
"src\handler.c","1431","get_obj_pos_in_equip_vis","a pile of %s coins","a pile of %s coins"
"src\handler.c","1435","get_obj_pos_in_equip_vis","A %s coin is lying here.","A %s coin is lying here."
"src\handler.c","1437","get_obj_pos_in_equip_vis","A pile of %s coins is lying here.","A pile of %s coins is lying here."
"src\interpreter.c","1540","stat_alloc_show","1) Str +1  (1)","\r\nBase stat allocation\r\nPoints remaining: %d  (CON costs 2)  Cap: %d\r\n\r\nStr %d   Dex %d   Con %d   Int %d   Wis %d   Cha %d\r\n\r\n1) Str +1  (1)\r\n2) Dex +1  (1)\r\n3) Con +1  (2)\r\n4) Int +1  (1)\r\n5) Wis +1  (1)\r\n6) Cha +1  (1)\r\n7) Done\r\n8) Reset\r\n\r\nChoice: "
"src\interpreter.c","1540","stat_alloc_show","2) Dex +1  (1)","\r\nBase stat allocation\r\nPoints remaining: %d  (CON costs 2)  Cap: %d\r\n\r\nStr %d   Dex %d   Con %d   Int %d   Wis %d   Cha %d\r\n\r\n1) Str +1  (1)\r\n2) Dex +1  (1)\r\n3) Con +1  (2)\r\n4) Int +1  (1)\r\n5) Wis +1  (1)\r\n6) Cha +1  (1)\r\n7) Done\r\n8) Reset\r\n\r\nChoice: "
"src\interpreter.c","1540","stat_alloc_show","3) Con +1  (2)","\r\nBase stat allocation\r\nPoints remaining: %d  (CON costs 2)  Cap: %d\r\n\r\nStr %d   Dex %d   Con %d   Int %d   Wis %d   Cha %d\r\n\r\n1) Str +1  (1)\r\n2) Dex +1  (1)\r\n3) Con +1  (2)\r\n4) Int +1  (1)\r\n5) Wis +1  (1)\r\n6) Cha +1  (1)\r\n7) Done\r\n8) Reset\r\n\r\nChoice: "
"src\interpreter.c","1540","stat_alloc_show","4) Int +1  (1)","\r\nBase stat allocation\r\nPoints remaining: %d  (CON costs 2)  Cap: %d\r\n\r\nStr %d   Dex %d   Con %d   Int %d   Wis %d   Cha %d\r\n\r\n1) Str +1  (1)\r\n2) Dex +1  (1)\r\n3) Con +1  (2)\r\n4) Int +1  (1)\r\n5) Wis +1  (1)\r\n6) Cha +1  (1)\r\n7) Done\r\n8) Reset\r\n\r\nChoice: "
"src\interpreter.c","1540","stat_alloc_show","5) Wis +1  (1)","\r\nBase stat allocation\r\nPoints remaining: %d  (CON costs 2)  Cap: %d\r\n\r\nStr %d   Dex %d   Con %d   Int %d   Wis %d   Cha %d\r\n\r\n1) Str +1  (1)\r\n2) Dex +1  (1)\r\n3) Con +1  (2)\r\n4) Int +1  (1)\r\n5) Wis +1  (1)\r\n6) Cha +1  (1)\r\n7) Done\r\n8) Reset\r\n\r\nChoice: "
"src\interpreter.c","1540","stat_alloc_show","6) Cha +1  (1)","\r\nBase stat allocation\r\nPoints remaining: %d  (CON costs 2)  Cap: %d\r\n\r\nStr %d   Dex %d   Con %d   Int %d   Wis %d   Cha %d\r\n\r\n1) Str +1  (1)\r\n2) Dex +1  (1)\r\n3) Con +1  (2)\r\n4) Int +1  (1)\r\n5) Wis +1  (1)\r\n6) Cha +1  (1)\r\n7) Done\r\n8) Reset\r\n\r\nChoice: "
"src\interpreter.c","1540","stat_alloc_show","7) Done","\r\nBase stat allocation\r\nPoints remaining: %d  (CON costs 2)  Cap: %d\r\n\r\nStr %d   Dex %d   Con %d   Int %d   Wis %d   Cha %d\r\n\r\n1) Str +1  (1)\r\n2) Dex +1  (1)\r\n3) Con +1  (2)\r\n4) Int +1  (1)\r\n5) Wis +1  (1)\r\n6) Cha +1  (1)\r\n7) Done\r\n8) Reset\r\n\r\nChoice: "
"src\interpreter.c","1540","stat_alloc_show","8) Reset","\r\nBase stat allocation\r\nPoints remaining: %d  (CON costs 2)  Cap: %d\r\n\r\nStr %d   Dex %d   Con %d   Int %d   Wis %d   Cha %d\r\n\r\n1) Str +1  (1)\r\n2) Dex +1  (1)\r\n3) Con +1  (2)\r\n4) Int +1  (1)\r\n5) Wis +1  (1)\r\n6) Cha +1  (1)\r\n7) Done\r\n8) Reset\r\n\r\nChoice: "
"src\medit.c","583","medit_disp_slot_picker","Q) Cancel"," Q) Cancel\r\n%s"
"src\medit.c","627","medit_disp_remove_inventory_picker","Q) Cancel"," Q) Cancel\r\nEnter visible list index to remove: "
"src\medit.c","641","medit_disp_remove_loot_picker","Q) Cancel"," Q) Cancel\r\nEnter visible list index to remove: "
"src\medit.c","711","medit_disp_loadout_menu","A) Equip object","\r\nA) Equip object\r\nB) Add inventory item\r\nC) Add loot item\r\nD) Remove equipped item\r\nE) Remove inventory item\r\nF) Remove loot item\r\nQ) Quit\r\nEnter choice : "
"src\medit.c","711","medit_disp_loadout_menu","B) Add inventory item","\r\nA) Equip object\r\nB) Add inventory item\r\nC) Add loot item\r\nD) Remove equipped item\r\nE) Remove inventory item\r\nF) Remove loot item\r\nQ) Quit\r\nEnter choice : "
"src\medit.c","711","medit_disp_loadout_menu","C) Add loot item","\r\nA) Equip object\r\nB) Add inventory item\r\nC) Add loot item\r\nD) Remove equipped item\r\nE) Remove inventory item\r\nF) Remove loot item\r\nQ) Quit\r\nEnter choice : "
"src\medit.c","711","medit_disp_loadout_menu","D) Remove equipped item","\r\nA) Equip object\r\nB) Add inventory item\r\nC) Add loot item\r\nD) Remove equipped item\r\nE) Remove inventory item\r\nF) Remove loot item\r\nQ) Quit\r\nEnter choice : "
"src\medit.c","711","medit_disp_loadout_menu","E) Remove inventory item","\r\nA) Equip object\r\nB) Add inventory item\r\nC) Add loot item\r\nD) Remove equipped item\r\nE) Remove inventory item\r\nF) Remove loot item\r\nQ) Quit\r\nEnter choice : "
"src\medit.c","711","medit_disp_loadout_menu","F) Remove loot item","\r\nA) Equip object\r\nB) Add inventory item\r\nC) Add loot item\r\nD) Remove equipped item\r\nE) Remove inventory item\r\nF) Remove loot item\r\nQ) Quit\r\nEnter choice : "
"src\medit.c","711","medit_disp_loadout_menu","Q) Quit","\r\nA) Equip object\r\nB) Add inventory item\r\nC) Add loot item\r\nD) Remove equipped item\r\nE) Remove inventory item\r\nF) Remove loot item\r\nQ) Quit\r\nEnter choice : "
"src\players.c","1158","save_char","0 0","0 0\n"
"src\players.c","1165","save_char","0 0","0 0\n"
"src\players.c","1184","save_char","0 0 0 0 0 0 0 0","0 0 0 0 0 0 0 0\n"
"src\qedit.c","298","qedit_disp_menu","g 1	n) Quest Name     : 	y%s","-- Quest Number    : 	n[	c%6d	n]\r\n	g 1	n) Quest Name     : 	y%s\r\n	g 2	n) Description    : 	y%s\r\n	g 3	n) Accept Message\r\n	y%s	g 4	n) Completion Message\r\n	y%s	g 5	n) Quit Message\r\n	y%s	g 6	n) Quest Flags    : 	c%s\r\n	g 7	n) Quest Type     : 	c%s %s\r\n	g 8	n) Quest Master   : [	c%6d	n] 	y%s\r\n	g 9	n) Quest Target   : [	c%6d	n] 	y%s\r\n	g A	n) Quantity       : [	c%6d	n]\r\n	n    Quest Point Rewards\r\n	g B	n) Completed      : [	c%6d	n] 	g C	n) Abandoned   : [	c%6d	n]\r\n	n    Other Rewards Rewards\r\n	g G	n) Gold Coins     : [	c%6d	n] 	g T	n) Exp Points  : [	c%6d	n] 	g O	n) Object : [	c%6d	n]\r\n	n    Level Limits to Accept Quest\r\n	g D	n) Lower Level    : [	c%6d	n] 	g E	n) Upper Level : [	c%6d	n]\r\n	g F	n) Prerequisite   : [	c%6d	n] 	y%s\r\n	g L	n) Time Limit     : [	c%6d	n]\r\n	g N	n) Next Quest     : [	c%6d	n] 	y%s\r\n	g P	n) Previous Quest : [	c%6d	n] 	y%s\r\n	g X	n) Delete Quest\r\n	g Q	n) Quit\r\nEnter Choice : undefinedNothing\r\nundefinedNothing\r\nundefinedNothing\r\nInvalid Moban unknown object"
"src\qedit.c","298","qedit_disp_menu","g 2	n) Description    : 	y%s","-- Quest Number    : 	n[	c%6d	n]\r\n	g 1	n) Quest Name     : 	y%s\r\n	g 2	n) Description    : 	y%s\r\n	g 3	n) Accept Message\r\n	y%s	g 4	n) Completion Message\r\n	y%s	g 5	n) Quit Message\r\n	y%s	g 6	n) Quest Flags    : 	c%s\r\n	g 7	n) Quest Type     : 	c%s %s\r\n	g 8	n) Quest Master   : [	c%6d	n] 	y%s\r\n	g 9	n) Quest Target   : [	c%6d	n] 	y%s\r\n	g A	n) Quantity       : [	c%6d	n]\r\n	n    Quest Point Rewards\r\n	g B	n) Completed      : [	c%6d	n] 	g C	n) Abandoned   : [	c%6d	n]\r\n	n    Other Rewards Rewards\r\n	g G	n) Gold Coins     : [	c%6d	n] 	g T	n) Exp Points  : [	c%6d	n] 	g O	n) Object : [	c%6d	n]\r\n	n    Level Limits to Accept Quest\r\n	g D	n) Lower Level    : [	c%6d	n] 	g E	n) Upper Level : [	c%6d	n]\r\n	g F	n) Prerequisite   : [	c%6d	n] 	y%s\r\n	g L	n) Time Limit     : [	c%6d	n]\r\n	g N	n) Next Quest     : [	c%6d	n] 	y%s\r\n	g P	n) Previous Quest : [	c%6d	n] 	y%s\r\n	g X	n) Delete Quest\r\n	g Q	n) Quit\r\nEnter Choice : undefinedNothing\r\nundefinedNothing\r\nundefinedNothing\r\nInvalid Moban unknown object"
"src\qedit.c","298","qedit_disp_menu","g 3	n) Accept Message","-- Quest Number    : 	n[	c%6d	n]\r\n	g 1	n) Quest Name     : 	y%s\r\n	g 2	n) Description    : 	y%s\r\n	g 3	n) Accept Message\r\n	y%s	g 4	n) Completion Message\r\n	y%s	g 5	n) Quit Message\r\n	y%s	g 6	n) Quest Flags    : 	c%s\r\n	g 7	n) Quest Type     : 	c%s %s\r\n	g 8	n) Quest Master   : [	c%6d	n] 	y%s\r\n	g 9	n) Quest Target   : [	c%6d	n] 	y%s\r\n	g A	n) Quantity       : [	c%6d	n]\r\n	n    Quest Point Rewards\r\n	g B	n) Completed      : [	c%6d	n] 	g C	n) Abandoned   : [	c%6d	n]\r\n	n    Other Rewards Rewards\r\n	g G	n) Gold Coins     : [	c%6d	n] 	g T	n) Exp Points  : [	c%6d	n] 	g O	n) Object : [	c%6d	n]\r\n	n    Level Limits to Accept Quest\r\n	g D	n) Lower Level    : [	c%6d	n] 	g E	n) Upper Level : [	c%6d	n]\r\n	g F	n) Prerequisite   : [	c%6d	n] 	y%s\r\n	g L	n) Time Limit     : [	c%6d	n]\r\n	g N	n) Next Quest     : [	c%6d	n] 	y%s\r\n	g P	n) Previous Quest : [	c%6d	n] 	y%s\r\n	g X	n) Delete Quest\r\n	g Q	n) Quit\r\nEnter Choice : undefinedNothing\r\nundefinedNothing\r\nundefinedNothing\r\nInvalid Moban unknown object"
"src\qedit.c","298","qedit_disp_menu","g 7	n) Quest Type     : 	c%s %s","-- Quest Number    : 	n[	c%6d	n]\r\n	g 1	n) Quest Name     : 	y%s\r\n	g 2	n) Description    : 	y%s\r\n	g 3	n) Accept Message\r\n	y%s	g 4	n) Completion Message\r\n	y%s	g 5	n) Quit Message\r\n	y%s	g 6	n) Quest Flags    : 	c%s\r\n	g 7	n) Quest Type     : 	c%s %s\r\n	g 8	n) Quest Master   : [	c%6d	n] 	y%s\r\n	g 9	n) Quest Target   : [	c%6d	n] 	y%s\r\n	g A	n) Quantity       : [	c%6d	n]\r\n	n    Quest Point Rewards\r\n	g B	n) Completed      : [	c%6d	n] 	g C	n) Abandoned   : [	c%6d	n]\r\n	n    Other Rewards Rewards\r\n	g G	n) Gold Coins     : [	c%6d	n] 	g T	n) Exp Points  : [	c%6d	n] 	g O	n) Object : [	c%6d	n]\r\n	n    Level Limits to Accept Quest\r\n	g D	n) Lower Level    : [	c%6d	n] 	g E	n) Upper Level : [	c%6d	n]\r\n	g F	n) Prerequisite   : [	c%6d	n] 	y%s\r\n	g L	n) Time Limit     : [	c%6d	n]\r\n	g N	n) Next Quest     : [	c%6d	n] 	y%s\r\n	g P	n) Previous Quest : [	c%6d	n] 	y%s\r\n	g X	n) Delete Quest\r\n	g Q	n) Quit\r\nEnter Choice : undefinedNothing\r\nundefinedNothing\r\nundefinedNothing\r\nInvalid Moban unknown object"
"src\qedit.c","298","qedit_disp_menu","g 8	n) Quest Master   : [	c%6d	n] 	y%s","-- Quest Number    : 	n[	c%6d	n]\r\n	g 1	n) Quest Name     : 	y%s\r\n	g 2	n) Description    : 	y%s\r\n	g 3	n) Accept Message\r\n	y%s	g 4	n) Completion Message\r\n	y%s	g 5	n) Quit Message\r\n	y%s	g 6	n) Quest Flags    : 	c%s\r\n	g 7	n) Quest Type     : 	c%s %s\r\n	g 8	n) Quest Master   : [	c%6d	n] 	y%s\r\n	g 9	n) Quest Target   : [	c%6d	n] 	y%s\r\n	g A	n) Quantity       : [	c%6d	n]\r\n	n    Quest Point Rewards\r\n	g B	n) Completed      : [	c%6d	n] 	g C	n) Abandoned   : [	c%6d	n]\r\n	n    Other Rewards Rewards\r\n	g G	n) Gold Coins     : [	c%6d	n] 	g T	n) Exp Points  : [	c%6d	n] 	g O	n) Object : [	c%6d	n]\r\n	n    Level Limits to Accept Quest\r\n	g D	n) Lower Level    : [	c%6d	n] 	g E	n) Upper Level : [	c%6d	n]\r\n	g F	n) Prerequisite   : [	c%6d	n] 	y%s\r\n	g L	n) Time Limit     : [	c%6d	n]\r\n	g N	n) Next Quest     : [	c%6d	n] 	y%s\r\n	g P	n) Previous Quest : [	c%6d	n] 	y%s\r\n	g X	n) Delete Quest\r\n	g Q	n) Quit\r\nEnter Choice : undefinedNothing\r\nundefinedNothing\r\nundefinedNothing\r\nInvalid Moban unknown object"
"src\qedit.c","298","qedit_disp_menu","g 9	n) Quest Target   : [	c%6d	n] 	y%s","-- Quest Number    : 	n[	c%6d	n]\r\n	g 1	n) Quest Name     : 	y%s\r\n	g 2	n) Description    : 	y%s\r\n	g 3	n) Accept Message\r\n	y%s	g 4	n) Completion Message\r\n	y%s	g 5	n) Quit Message\r\n	y%s	g 6	n) Quest Flags    : 	c%s\r\n	g 7	n) Quest Type     : 	c%s %s\r\n	g 8	n) Quest Master   : [	c%6d	n] 	y%s\r\n	g 9	n) Quest Target   : [	c%6d	n] 	y%s\r\n	g A	n) Quantity       : [	c%6d	n]\r\n	n    Quest Point Rewards\r\n	g B	n) Completed      : [	c%6d	n] 	g C	n) Abandoned   : [	c%6d	n]\r\n	n    Other Rewards Rewards\r\n	g G	n) Gold Coins     : [	c%6d	n] 	g T	n) Exp Points  : [	c%6d	n] 	g O	n) Object : [	c%6d	n]\r\n	n    Level Limits to Accept Quest\r\n	g D	n) Lower Level    : [	c%6d	n] 	g E	n) Upper Level : [	c%6d	n]\r\n	g F	n) Prerequisite   : [	c%6d	n] 	y%s\r\n	g L	n) Time Limit     : [	c%6d	n]\r\n	g N	n) Next Quest     : [	c%6d	n] 	y%s\r\n	g P	n) Previous Quest : [	c%6d	n] 	y%s\r\n	g X	n) Delete Quest\r\n	g Q	n) Quit\r\nEnter Choice : undefinedNothing\r\nundefinedNothing\r\nundefinedNothing\r\nInvalid Moban unknown object"
"src\qedit.c","298","qedit_disp_menu","g A	n) Quantity       : [	c%6d	n]","-- Quest Number    : 	n[	c%6d	n]\r\n	g 1	n) Quest Name     : 	y%s\r\n	g 2	n) Description    : 	y%s\r\n	g 3	n) Accept Message\r\n	y%s	g 4	n) Completion Message\r\n	y%s	g 5	n) Quit Message\r\n	y%s	g 6	n) Quest Flags    : 	c%s\r\n	g 7	n) Quest Type     : 	c%s %s\r\n	g 8	n) Quest Master   : [	c%6d	n] 	y%s\r\n	g 9	n) Quest Target   : [	c%6d	n] 	y%s\r\n	g A	n) Quantity       : [	c%6d	n]\r\n	n    Quest Point Rewards\r\n	g B	n) Completed      : [	c%6d	n] 	g C	n) Abandoned   : [	c%6d	n]\r\n	n    Other Rewards Rewards\r\n	g G	n) Gold Coins     : [	c%6d	n] 	g T	n) Exp Points  : [	c%6d	n] 	g O	n) Object : [	c%6d	n]\r\n	n    Level Limits to Accept Quest\r\n	g D	n) Lower Level    : [	c%6d	n] 	g E	n) Upper Level : [	c%6d	n]\r\n	g F	n) Prerequisite   : [	c%6d	n] 	y%s\r\n	g L	n) Time Limit     : [	c%6d	n]\r\n	g N	n) Next Quest     : [	c%6d	n] 	y%s\r\n	g P	n) Previous Quest : [	c%6d	n] 	y%s\r\n	g X	n) Delete Quest\r\n	g Q	n) Quit\r\nEnter Choice : undefinedNothing\r\nundefinedNothing\r\nundefinedNothing\r\nInvalid Moban unknown object"
"src\qedit.c","298","qedit_disp_menu","g B	n) Completed      : [	c%6d	n] 	g C	n) Abandoned   : [	c%6d	n]","-- Quest Number    : 	n[	c%6d	n]\r\n	g 1	n) Quest Name     : 	y%s\r\n	g 2	n) Description    : 	y%s\r\n	g 3	n) Accept Message\r\n	y%s	g 4	n) Completion Message\r\n	y%s	g 5	n) Quit Message\r\n	y%s	g 6	n) Quest Flags    : 	c%s\r\n	g 7	n) Quest Type     : 	c%s %s\r\n	g 8	n) Quest Master   : [	c%6d	n] 	y%s\r\n	g 9	n) Quest Target   : [	c%6d	n] 	y%s\r\n	g A	n) Quantity       : [	c%6d	n]\r\n	n    Quest Point Rewards\r\n	g B	n) Completed      : [	c%6d	n] 	g C	n) Abandoned   : [	c%6d	n]\r\n	n    Other Rewards Rewards\r\n	g G	n) Gold Coins     : [	c%6d	n] 	g T	n) Exp Points  : [	c%6d	n] 	g O	n) Object : [	c%6d	n]\r\n	n    Level Limits to Accept Quest\r\n	g D	n) Lower Level    : [	c%6d	n] 	g E	n) Upper Level : [	c%6d	n]\r\n	g F	n) Prerequisite   : [	c%6d	n] 	y%s\r\n	g L	n) Time Limit     : [	c%6d	n]\r\n	g N	n) Next Quest     : [	c%6d	n] 	y%s\r\n	g P	n) Previous Quest : [	c%6d	n] 	y%s\r\n	g X	n) Delete Quest\r\n	g Q	n) Quit\r\nEnter Choice : undefinedNothing\r\nundefinedNothing\r\nundefinedNothing\r\nInvalid Moban unknown object"
"src\qedit.c","298","qedit_disp_menu","g D	n) Lower Level    : [	c%6d	n] 	g E	n) Upper Level : [	c%6d	n]","-- Quest Number    : 	n[	c%6d	n]\r\n	g 1	n) Quest Name     : 	y%s\r\n	g 2	n) Description    : 	y%s\r\n	g 3	n) Accept Message\r\n	y%s	g 4	n) Completion Message\r\n	y%s	g 5	n) Quit Message\r\n	y%s	g 6	n) Quest Flags    : 	c%s\r\n	g 7	n) Quest Type     : 	c%s %s\r\n	g 8	n) Quest Master   : [	c%6d	n] 	y%s\r\n	g 9	n) Quest Target   : [	c%6d	n] 	y%s\r\n	g A	n) Quantity       : [	c%6d	n]\r\n	n    Quest Point Rewards\r\n	g B	n) Completed      : [	c%6d	n] 	g C	n) Abandoned   : [	c%6d	n]\r\n	n    Other Rewards Rewards\r\n	g G	n) Gold Coins     : [	c%6d	n] 	g T	n) Exp Points  : [	c%6d	n] 	g O	n) Object : [	c%6d	n]\r\n	n    Level Limits to Accept Quest\r\n	g D	n) Lower Level    : [	c%6d	n] 	g E	n) Upper Level : [	c%6d	n]\r\n	g F	n) Prerequisite   : [	c%6d	n] 	y%s\r\n	g L	n) Time Limit     : [	c%6d	n]\r\n	g N	n) Next Quest     : [	c%6d	n] 	y%s\r\n	g P	n) Previous Quest : [	c%6d	n] 	y%s\r\n	g X	n) Delete Quest\r\n	g Q	n) Quit\r\nEnter Choice : undefinedNothing\r\nundefinedNothing\r\nundefinedNothing\r\nInvalid Moban unknown object"
"src\qedit.c","298","qedit_disp_menu","g F	n) Prerequisite   : [	c%6d	n] 	y%s","-- Quest Number    : 	n[	c%6d	n]\r\n	g 1	n) Quest Name     : 	y%s\r\n	g 2	n) Description    : 	y%s\r\n	g 3	n) Accept Message\r\n	y%s	g 4	n) Completion Message\r\n	y%s	g 5	n) Quit Message\r\n	y%s	g 6	n) Quest Flags    : 	c%s\r\n	g 7	n) Quest Type     : 	c%s %s\r\n	g 8	n) Quest Master   : [	c%6d	n] 	y%s\r\n	g 9	n) Quest Target   : [	c%6d	n] 	y%s\r\n	g A	n) Quantity       : [	c%6d	n]\r\n	n    Quest Point Rewards\r\n	g B	n) Completed      : [	c%6d	n] 	g C	n) Abandoned   : [	c%6d	n]\r\n	n    Other Rewards Rewards\r\n	g G	n) Gold Coins     : [	c%6d	n] 	g T	n) Exp Points  : [	c%6d	n] 	g O	n) Object : [	c%6d	n]\r\n	n    Level Limits to Accept Quest\r\n	g D	n) Lower Level    : [	c%6d	n] 	g E	n) Upper Level : [	c%6d	n]\r\n	g F	n) Prerequisite   : [	c%6d	n] 	y%s\r\n	g L	n) Time Limit     : [	c%6d	n]\r\n	g N	n) Next Quest     : [	c%6d	n] 	y%s\r\n	g P	n) Previous Quest : [	c%6d	n] 	y%s\r\n	g X	n) Delete Quest\r\n	g Q	n) Quit\r\nEnter Choice : undefinedNothing\r\nundefinedNothing\r\nundefinedNothing\r\nInvalid Moban unknown object"
"src\qedit.c","298","qedit_disp_menu","g G	n) Gold Coins     : [	c%6d	n] 	g T	n) Exp Points  : [	c%6d	n] 	g O	n) Object : [	c%6d	n]","-- Quest Number    : 	n[	c%6d	n]\r\n	g 1	n) Quest Name     : 	y%s\r\n	g 2	n) Description    : 	y%s\r\n	g 3	n) Accept Message\r\n	y%s	g 4	n) Completion Message\r\n	y%s	g 5	n) Quit Message\r\n	y%s	g 6	n) Quest Flags    : 	c%s\r\n	g 7	n) Quest Type     : 	c%s %s\r\n	g 8	n) Quest Master   : [	c%6d	n] 	y%s\r\n	g 9	n) Quest Target   : [	c%6d	n] 	y%s\r\n	g A	n) Quantity       : [	c%6d	n]\r\n	n    Quest Point Rewards\r\n	g B	n) Completed      : [	c%6d	n] 	g C	n) Abandoned   : [	c%6d	n]\r\n	n    Other Rewards Rewards\r\n	g G	n) Gold Coins     : [	c%6d	n] 	g T	n) Exp Points  : [	c%6d	n] 	g O	n) Object : [	c%6d	n]\r\n	n    Level Limits to Accept Quest\r\n	g D	n) Lower Level    : [	c%6d	n] 	g E	n) Upper Level : [	c%6d	n]\r\n	g F	n) Prerequisite   : [	c%6d	n] 	y%s\r\n	g L	n) Time Limit     : [	c%6d	n]\r\n	g N	n) Next Quest     : [	c%6d	n] 	y%s\r\n	g P	n) Previous Quest : [	c%6d	n] 	y%s\r\n	g X	n) Delete Quest\r\n	g Q	n) Quit\r\nEnter Choice : undefinedNothing\r\nundefinedNothing\r\nundefinedNothing\r\nInvalid Moban unknown object"
"src\qedit.c","298","qedit_disp_menu","g L	n) Time Limit     : [	c%6d	n]","-- Quest Number    : 	n[	c%6d	n]\r\n	g 1	n) Quest Name     : 	y%s\r\n	g 2	n) Description    : 	y%s\r\n	g 3	n) Accept Message\r\n	y%s	g 4	n) Completion Message\r\n	y%s	g 5	n) Quit Message\r\n	y%s	g 6	n) Quest Flags    : 	c%s\r\n	g 7	n) Quest Type     : 	c%s %s\r\n	g 8	n) Quest Master   : [	c%6d	n] 	y%s\r\n	g 9	n) Quest Target   : [	c%6d	n] 	y%s\r\n	g A	n) Quantity       : [	c%6d	n]\r\n	n    Quest Point Rewards\r\n	g B	n) Completed      : [	c%6d	n] 	g C	n) Abandoned   : [	c%6d	n]\r\n	n    Other Rewards Rewards\r\n	g G	n) Gold Coins     : [	c%6d	n] 	g T	n) Exp Points  : [	c%6d	n] 	g O	n) Object : [	c%6d	n]\r\n	n    Level Limits to Accept Quest\r\n	g D	n) Lower Level    : [	c%6d	n] 	g E	n) Upper Level : [	c%6d	n]\r\n	g F	n) Prerequisite   : [	c%6d	n] 	y%s\r\n	g L	n) Time Limit     : [	c%6d	n]\r\n	g N	n) Next Quest     : [	c%6d	n] 	y%s\r\n	g P	n) Previous Quest : [	c%6d	n] 	y%s\r\n	g X	n) Delete Quest\r\n	g Q	n) Quit\r\nEnter Choice : undefinedNothing\r\nundefinedNothing\r\nundefinedNothing\r\nInvalid Moban unknown object"
"src\qedit.c","298","qedit_disp_menu","g N	n) Next Quest     : [	c%6d	n] 	y%s","-- Quest Number    : 	n[	c%6d	n]\r\n	g 1	n) Quest Name     : 	y%s\r\n	g 2	n) Description    : 	y%s\r\n	g 3	n) Accept Message\r\n	y%s	g 4	n) Completion Message\r\n	y%s	g 5	n) Quit Message\r\n	y%s	g 6	n) Quest Flags    : 	c%s\r\n	g 7	n) Quest Type     : 	c%s %s\r\n	g 8	n) Quest Master   : [	c%6d	n] 	y%s\r\n	g 9	n) Quest Target   : [	c%6d	n] 	y%s\r\n	g A	n) Quantity       : [	c%6d	n]\r\n	n    Quest Point Rewards\r\n	g B	n) Completed      : [	c%6d	n] 	g C	n) Abandoned   : [	c%6d	n]\r\n	n    Other Rewards Rewards\r\n	g G	n) Gold Coins     : [	c%6d	n] 	g T	n) Exp Points  : [	c%6d	n] 	g O	n) Object : [	c%6d	n]\r\n	n    Level Limits to Accept Quest\r\n	g D	n) Lower Level    : [	c%6d	n] 	g E	n) Upper Level : [	c%6d	n]\r\n	g F	n) Prerequisite   : [	c%6d	n] 	y%s\r\n	g L	n) Time Limit     : [	c%6d	n]\r\n	g N	n) Next Quest     : [	c%6d	n] 	y%s\r\n	g P	n) Previous Quest : [	c%6d	n] 	y%s\r\n	g X	n) Delete Quest\r\n	g Q	n) Quit\r\nEnter Choice : undefinedNothing\r\nundefinedNothing\r\nundefinedNothing\r\nInvalid Moban unknown object"
"src\qedit.c","298","qedit_disp_menu","g P	n) Previous Quest : [	c%6d	n] 	y%s","-- Quest Number    : 	n[	c%6d	n]\r\n	g 1	n) Quest Name     : 	y%s\r\n	g 2	n) Description    : 	y%s\r\n	g 3	n) Accept Message\r\n	y%s	g 4	n) Completion Message\r\n	y%s	g 5	n) Quit Message\r\n	y%s	g 6	n) Quest Flags    : 	c%s\r\n	g 7	n) Quest Type     : 	c%s %s\r\n	g 8	n) Quest Master   : [	c%6d	n] 	y%s\r\n	g 9	n) Quest Target   : [	c%6d	n] 	y%s\r\n	g A	n) Quantity       : [	c%6d	n]\r\n	n    Quest Point Rewards\r\n	g B	n) Completed      : [	c%6d	n] 	g C	n) Abandoned   : [	c%6d	n]\r\n	n    Other Rewards Rewards\r\n	g G	n) Gold Coins     : [	c%6d	n] 	g T	n) Exp Points  : [	c%6d	n] 	g O	n) Object : [	c%6d	n]\r\n	n    Level Limits to Accept Quest\r\n	g D	n) Lower Level    : [	c%6d	n] 	g E	n) Upper Level : [	c%6d	n]\r\n	g F	n) Prerequisite   : [	c%6d	n] 	y%s\r\n	g L	n) Time Limit     : [	c%6d	n]\r\n	g N	n) Next Quest     : [	c%6d	n] 	y%s\r\n	g P	n) Previous Quest : [	c%6d	n] 	y%s\r\n	g X	n) Delete Quest\r\n	g Q	n) Quit\r\nEnter Choice : undefinedNothing\r\nundefinedNothing\r\nundefinedNothing\r\nInvalid Moban unknown object"
"src\qedit.c","298","qedit_disp_menu","g Q	n) Quit","-- Quest Number    : 	n[	c%6d	n]\r\n	g 1	n) Quest Name     : 	y%s\r\n	g 2	n) Description    : 	y%s\r\n	g 3	n) Accept Message\r\n	y%s	g 4	n) Completion Message\r\n	y%s	g 5	n) Quit Message\r\n	y%s	g 6	n) Quest Flags    : 	c%s\r\n	g 7	n) Quest Type     : 	c%s %s\r\n	g 8	n) Quest Master   : [	c%6d	n] 	y%s\r\n	g 9	n) Quest Target   : [	c%6d	n] 	y%s\r\n	g A	n) Quantity       : [	c%6d	n]\r\n	n    Quest Point Rewards\r\n	g B	n) Completed      : [	c%6d	n] 	g C	n) Abandoned   : [	c%6d	n]\r\n	n    Other Rewards Rewards\r\n	g G	n) Gold Coins     : [	c%6d	n] 	g T	n) Exp Points  : [	c%6d	n] 	g O	n) Object : [	c%6d	n]\r\n	n    Level Limits to Accept Quest\r\n	g D	n) Lower Level    : [	c%6d	n] 	g E	n) Upper Level : [	c%6d	n]\r\n	g F	n) Prerequisite   : [	c%6d	n] 	y%s\r\n	g L	n) Time Limit     : [	c%6d	n]\r\n	g N	n) Next Quest     : [	c%6d	n] 	y%s\r\n	g P	n) Previous Quest : [	c%6d	n] 	y%s\r\n	g X	n) Delete Quest\r\n	g Q	n) Quit\r\nEnter Choice : undefinedNothing\r\nundefinedNothing\r\nundefinedNothing\r\nInvalid Moban unknown object"
"src\qedit.c","298","qedit_disp_menu","g X	n) Delete Quest","-- Quest Number    : 	n[	c%6d	n]\r\n	g 1	n) Quest Name     : 	y%s\r\n	g 2	n) Description    : 	y%s\r\n	g 3	n) Accept Message\r\n	y%s	g 4	n) Completion Message\r\n	y%s	g 5	n) Quit Message\r\n	y%s	g 6	n) Quest Flags    : 	c%s\r\n	g 7	n) Quest Type     : 	c%s %s\r\n	g 8	n) Quest Master   : [	c%6d	n] 	y%s\r\n	g 9	n) Quest Target   : [	c%6d	n] 	y%s\r\n	g A	n) Quantity       : [	c%6d	n]\r\n	n    Quest Point Rewards\r\n	g B	n) Completed      : [	c%6d	n] 	g C	n) Abandoned   : [	c%6d	n]\r\n	n    Other Rewards Rewards\r\n	g G	n) Gold Coins     : [	c%6d	n] 	g T	n) Exp Points  : [	c%6d	n] 	g O	n) Object : [	c%6d	n]\r\n	n    Level Limits to Accept Quest\r\n	g D	n) Lower Level    : [	c%6d	n] 	g E	n) Upper Level : [	c%6d	n]\r\n	g F	n) Prerequisite   : [	c%6d	n] 	y%s\r\n	g L	n) Time Limit     : [	c%6d	n]\r\n	g N	n) Next Quest     : [	c%6d	n] 	y%s\r\n	g P	n) Previous Quest : [	c%6d	n] 	y%s\r\n	g X	n) Delete Quest\r\n	g Q	n) Quit\r\nEnter Choice : undefinedNothing\r\nundefinedNothing\r\nundefinedNothing\r\nInvalid Moban unknown object"
"src\qedit.c","298","qedit_disp_menu","n    Level Limits to Accept Quest","-- Quest Number    : 	n[	c%6d	n]\r\n	g 1	n) Quest Name     : 	y%s\r\n	g 2	n) Description    : 	y%s\r\n	g 3	n) Accept Message\r\n	y%s	g 4	n) Completion Message\r\n	y%s	g 5	n) Quit Message\r\n	y%s	g 6	n) Quest Flags    : 	c%s\r\n	g 7	n) Quest Type     : 	c%s %s\r\n	g 8	n) Quest Master   : [	c%6d	n] 	y%s\r\n	g 9	n) Quest Target   : [	c%6d	n] 	y%s\r\n	g A	n) Quantity       : [	c%6d	n]\r\n	n    Quest Point Rewards\r\n	g B	n) Completed      : [	c%6d	n] 	g C	n) Abandoned   : [	c%6d	n]\r\n	n    Other Rewards Rewards\r\n	g G	n) Gold Coins     : [	c%6d	n] 	g T	n) Exp Points  : [	c%6d	n] 	g O	n) Object : [	c%6d	n]\r\n	n    Level Limits to Accept Quest\r\n	g D	n) Lower Level    : [	c%6d	n] 	g E	n) Upper Level : [	c%6d	n]\r\n	g F	n) Prerequisite   : [	c%6d	n] 	y%s\r\n	g L	n) Time Limit     : [	c%6d	n]\r\n	g N	n) Next Quest     : [	c%6d	n] 	y%s\r\n	g P	n) Previous Quest : [	c%6d	n] 	y%s\r\n	g X	n) Delete Quest\r\n	g Q	n) Quit\r\nEnter Choice : undefinedNothing\r\nundefinedNothing\r\nundefinedNothing\r\nInvalid Moban unknown object"
"src\qedit.c","298","qedit_disp_menu","n    Other Rewards Rewards","-- Quest Number    : 	n[	c%6d	n]\r\n	g 1	n) Quest Name     : 	y%s\r\n	g 2	n) Description    : 	y%s\r\n	g 3	n) Accept Message\r\n	y%s	g 4	n) Completion Message\r\n	y%s	g 5	n) Quit Message\r\n	y%s	g 6	n) Quest Flags    : 	c%s\r\n	g 7	n) Quest Type     : 	c%s %s\r\n	g 8	n) Quest Master   : [	c%6d	n] 	y%s\r\n	g 9	n) Quest Target   : [	c%6d	n] 	y%s\r\n	g A	n) Quantity       : [	c%6d	n]\r\n	n    Quest Point Rewards\r\n	g B	n) Completed      : [	c%6d	n] 	g C	n) Abandoned   : [	c%6d	n]\r\n	n    Other Rewards Rewards\r\n	g G	n) Gold Coins     : [	c%6d	n] 	g T	n) Exp Points  : [	c%6d	n] 	g O	n) Object : [	c%6d	n]\r\n	n    Level Limits to Accept Quest\r\n	g D	n) Lower Level    : [	c%6d	n] 	g E	n) Upper Level : [	c%6d	n]\r\n	g F	n) Prerequisite   : [	c%6d	n] 	y%s\r\n	g L	n) Time Limit     : [	c%6d	n]\r\n	g N	n) Next Quest     : [	c%6d	n] 	y%s\r\n	g P	n) Previous Quest : [	c%6d	n] 	y%s\r\n	g X	n) Delete Quest\r\n	g Q	n) Quit\r\nEnter Choice : undefinedNothing\r\nundefinedNothing\r\nundefinedNothing\r\nInvalid Moban unknown object"
"src\qedit.c","298","qedit_disp_menu","n    Quest Point Rewards","-- Quest Number    : 	n[	c%6d	n]\r\n	g 1	n) Quest Name     : 	y%s\r\n	g 2	n) Description    : 	y%s\r\n	g 3	n) Accept Message\r\n	y%s	g 4	n) Completion Message\r\n	y%s	g 5	n) Quit Message\r\n	y%s	g 6	n) Quest Flags    : 	c%s\r\n	g 7	n) Quest Type     : 	c%s %s\r\n	g 8	n) Quest Master   : [	c%6d	n] 	y%s\r\n	g 9	n) Quest Target   : [	c%6d	n] 	y%s\r\n	g A	n) Quantity       : [	c%6d	n]\r\n	n    Quest Point Rewards\r\n	g B	n) Completed      : [	c%6d	n] 	g C	n) Abandoned   : [	c%6d	n]\r\n	n    Other Rewards Rewards\r\n	g G	n) Gold Coins     : [	c%6d	n] 	g T	n) Exp Points  : [	c%6d	n] 	g O	n) Object : [	c%6d	n]\r\n	n    Level Limits to Accept Quest\r\n	g D	n) Lower Level    : [	c%6d	n] 	g E	n) Upper Level : [	c%6d	n]\r\n	g F	n) Prerequisite   : [	c%6d	n] 	y%s\r\n	g L	n) Time Limit     : [	c%6d	n]\r\n	g N	n) Next Quest     : [	c%6d	n] 	y%s\r\n	g P	n) Previous Quest : [	c%6d	n] 	y%s\r\n	g X	n) Delete Quest\r\n	g Q	n) Quit\r\nEnter Choice : undefinedNothing\r\nundefinedNothing\r\nundefinedNothing\r\nInvalid Moban unknown object"
"src\redit.c","754","redit_disp_resets_menu","A) Add mob reset","\r\nA) Add mob reset\r\nB) Add object reset\r\nD) Delete reset\r\nQ) Quit\r\nEnter choice: "
"src\redit.c","754","redit_disp_resets_menu","B) Add object reset","\r\nA) Add mob reset\r\nB) Add object reset\r\nD) Delete reset\r\nQ) Quit\r\nEnter choice: "
"src\redit.c","754","redit_disp_resets_menu","D) Delete reset","\r\nA) Add mob reset\r\nB) Add object reset\r\nD) Delete reset\r\nQ) Quit\r\nEnter choice: "
"src\redit.c","754","redit_disp_resets_menu","Q) Quit","\r\nA) Add mob reset\r\nB) Add object reset\r\nD) Delete reset\r\nQ) Quit\r\nEnter choice: "
"src\util\plrtoascii.c","250","convert","0 0","0 0\n"
"src\util\plrtoascii.c","322","convert","0 0 0 0 0","0 0 0 0 0\n"
"src\zedit.c","712","zedit_disp_arg3","0)  Door open","0)  Door open\r\n1)  Door closed\r\n2)  Door locked\r\nEnter state of the door : "
"src\zedit.c","712","zedit_disp_arg3","1)  Door closed","0)  Door open\r\n1)  Door closed\r\n2)  Door locked\r\nEnter state of the door : "
"src\zedit.c","712","zedit_disp_arg3","2)  Door locked","0)  Door open\r\n1)  Door closed\r\n2)  Door locked\r\nEnter state of the door : "
"src\zedit.c","873","zedit_parse","0) Never reset","\r\n0) Never reset\r\n1) Reset only when no players in zone\r\n2) Normal reset\r\nEnter new zone reset type : "
"src\zedit.c","873","zedit_parse","1) Reset only when no players in zone","\r\n0) Never reset\r\n1) Reset only when no players in zone\r\n2) Normal reset\r\nEnter new zone reset type : "
"src\zedit.c","873","zedit_parse","2) Normal reset","\r\n0) Never reset\r\n1) Reset only when no players in zone\r\n2) Normal reset\r\nEnter new zone reset type : "
